,B,A,G,T,C,AA,AG,AT,AC,GA,GG,GT,GC,TA,TG,TT,TC,CA,CG,CT,CC,KMAAA: Transcript k-mer AAA content,KMAAG: Transcript k-mer AAG content,KMAAT: Transcript k-mer AAT content,KMAAC: Transcript k-mer AAC content,KMAGA: Transcript k-mer AGA content,KMAGG: Transcript k-mer AGG content,KMAGT: Transcript k-mer AGT content,KMAGC: Transcript k-mer AGC content,KMATA: Transcript k-mer ATA content,KMATG: Transcript k-mer ATG content,KMATT: Transcript k-mer ATT content,KMATC: Transcript k-mer ATC content,KMACA: Transcript k-mer ACA content,KMACG: Transcript k-mer ACG content,KMACT: Transcript k-mer ACT content,KMACC: Transcript k-mer ACC content,KMGAA: Transcript k-mer GAA content,KMGAG: Transcript k-mer GAG content,KMGAT: Transcript k-mer GAT content,KMGAC: Transcript k-mer GAC content,KMGGA: Transcript k-mer GGA content,KMGGG: Transcript k-mer GGG content,KMGGT: Transcript k-mer GGT content,KMGGC: Transcript k-mer GGC content,KMGTA: Transcript k-mer GTA content,KMGTG: Transcript k-mer GTG content,KMGTT: Transcript k-mer GTT content,KMGTC: Transcript k-mer GTC content,KMGCA: Transcript k-mer GCA content,KMGCG: Transcript k-mer GCG content,KMGCT: Transcript k-mer GCT content,KMGCC: Transcript k-mer GCC content,KMTAA: Transcript k-mer TAA content,KMTAG: Transcript k-mer TAG content,KMTAT: Transcript k-mer TAT content,KMTAC: Transcript k-mer TAC content,KMTGA: Transcript k-mer TGA content,KMTGG: Transcript k-mer TGG content,KMTGT: Transcript k-mer TGT content,KMTGC: Transcript k-mer TGC content,KMTTA: Transcript k-mer TTA content,KMTTG: Transcript k-mer TTG content,KMTTT: Transcript k-mer TTT content,KMTTC: Transcript k-mer TTC content,KMTCA: Transcript k-mer TCA content,KMTCG: Transcript k-mer TCG content,KMTCT: Transcript k-mer TCT content,KMTCC: Transcript k-mer TCC content,KMCAA: Transcript k-mer CAA content,KMCAG: Transcript k-mer CAG content,KMCAT: Transcript k-mer CAT content,KMCAC: Transcript k-mer CAC content,KMCGA: Transcript k-mer CGA content,KMCGG: Transcript k-mer CGG content,KMCGT: Transcript k-mer CGT content,KMCGC: Transcript k-mer CGC content,KMCTA: Transcript k-mer CTA content,KMCTG: Transcript k-mer CTG content,KMCTT: Transcript k-mer CTT content,KMCTC: Transcript k-mer CTC content,KMCCA: Transcript k-mer CCA content,KMCCG: Transcript k-mer CCG content,KMCCT: Transcript k-mer CCT content,KMCCC: Transcript k-mer CCC content
0,hsa.miR.222.3p,190.476196,285.714294,285.714294,238.095245,0.0,47.619049,47.619049,95.238098,0.0,142.857147,47.619049,95.238098,95.238098,95.238098,0.0,47.619049,47.619049,0.0,190.476196,0.0,0.0,0.0,0.0,0.0,0.0,0.0,0.0,47.619049,0.0,0.0,0.0,47.619049,47.619049,0.0,47.619049,0.0,0.0,0.0,0.0,0.0,0.0,47.619049,47.619049,47.619049,0.0,0.0,0.0,0.0,0.0,0.0,95.238098,0.0,0.0,0.0,0.0,95.238098,0.0,95.238098,0.0,0.0,0.0,0.0,0.0,0.0,0.0,0.0,47.619049,0.0,0.0,0.0,47.619049,0.0,0.0,0.0,0.0,0.0,95.238098,95.238098,0.0,0.0,0.0,0.0,0.0,0.0
1,hsa.miR.34c.5p,217.391312,347.82608,304.347839,130.434784,0.0,173.91304,43.47826,0.0,43.47826,43.47826,130.434784,130.434784,86.95652,130.434784,86.95652,0.0,43.47826,0.0,43.47826,0.0,0.0,0.0,0.0,0.0,0.0,43.47826,86.95652,43.47826,0.0,0.0,43.47826,0.0,0.0,0.0,0.0,0.0,0.0,0.0,43.47826,0.0,0.0,0.0,0.0,43.47826,43.47826,43.47826,43.47826,0.0,43.47826,0.0,43.47826,0.0,0.0,86.95652,0.0,0.0,43.47826,0.0,43.47826,43.47826,43.47826,43.47826,0.0,0.0,0.0,0.0,0.0,0.0,0.0,43.47826,0.0,0.0,0.0,0.0,0.0,0.0,0.0,43.47826,0.0,0.0,0.0,0.0,0.0,0.0
2,hsa.miR.497.5p,190.476196,285.714294,285.714294,238.095245,0.0,95.238098,0.0,95.238098,0.0,47.619049,142.857147,95.238098,0.0,142.857147,95.238098,0.0,190.476196,0.0,47.619049,0.0,0.0,0.0,0.0,0.0,0.0,0.0,0.0,95.238098,0.0,0.0,0.0,0.0,47.619049,0.0,47.619049,0.0,0.0,0.0,0.0,0.0,0.0,0.0,47.619049,0.0,0.0,47.619049,47.619049,0.0,95.238098,0.0,0.0,0.0,0.0,0.0,0.0,0.0,0.0,47.619049,95.238098,0.0,0.0,47.619049,47.619049,0.0,0.0,0.0,0.0,0.0,0.0,95.238098,0.0,95.238098,0.0,0.0,0.0,0.0,0.0,47.619049,0.0,0.0,0.0,0.0,0.0,0.0
3,hsa.miR.17.5p,304.347839,304.347839,217.391312,173.91304,86.95652,173.91304,0.0,43.47826,0.0,43.47826,130.434784,86.95652,86.95652,86.95652,43.47826,0.0,130.434784,0.0,43.47826,0.0,43.47826,43.47826,0.0,0.0,0.0,43.47826,86.95652,0.0,0.0,0.0,0.0,0.0,43.47826,0.0,0.0,0.0,0.0,0.0,0.0,0.0,0.0,0.0,43.47826,0.0,43.47826,86.95652,0.0,0.0,43.47826,0.0,43.47826,0.0,0.0,43.47826,0.0,43.47826,0.0,0.0,0.0,86.95652,43.47826,0.0,0.0,0.0,0.0,0.0,0.0,0.0,43.47826,86.95652,0.0,0.0,0.0,0.0,0.0,0.0,0.0,0.0,43.47826,0.0,0.0,0.0,0.0,0.0
4,hsa.miR.223.3p,272.727264,136.363632,318.181824,272.727264,90.909088,45.454544,45.454544,45.454544,0.0,0.0,136.363632,0.0,45.454544,90.909088,90.909088,90.909088,136.363632,0.0,0.0,136.363632,45.454544,0.0,45.454544,0.0,0.0,0.0,45.454544,0.0,45.454544,0.0,0.0,0.0,0.0,0.0,0.0,45.454544,0.0,0.0,0.0,0.0,0.0,0.0,0.0,0.0,0.0,0.0,45.454544,90.909088,0.0,0.0,0.0,0.0,0.0,0.0,0.0,45.454544,0.0,0.0,90.909088,0.0,0.0,45.454544,45.454544,0.0,90.909088,0.0,0.0,0.0,45.454544,45.454544,0.0,0.0,0.0,0.0,0.0,0.0,0.0,0.0,0.0,0.0,45.454544,0.0,0.0,90.909088
5,hsa.miR.29b.3p,304.347839,173.91304,347.82608,173.91304,86.95652,86.95652,86.95652,43.47826,43.47826,0.0,86.95652,43.47826,43.47826,86.95652,130.434784,43.47826,130.434784,0.0,0.0,43.47826,43.47826,0.0,43.47826,0.0,0.0,0.0,43.47826,43.47826,0.0,0.0,43.47826,43.47826,0.0,0.0,0.0,43.47826,43.47826,0.0,0.0,0.0,0.0,0.0,0.0,0.0,0.0,43.47826,43.47826,0.0,43.47826,0.0,0.0,0.0,0.0,43.47826,0.0,0.0,43.47826,0.0,43.47826,0.0,0.0,43.47826,43.47826,0.0,43.47826,0.0,0.0,0.0,0.0,43.47826,43.47826,43.47826,0.0,0.0,0.0,0.0,0.0,0.0,0.0,0.0,43.47826,0.0,0.0,0.0
6,hsa.miR.301a.3p,347.82608,217.391312,260.869568,173.91304,130.434784,130.434784,86.95652,0.0,0.0,0.0,130.434784,86.95652,86.95652,86.95652,43.47826,43.47826,130.434784,0.0,0.0,0.0,43.47826,43.47826,43.47826,0.0,0.0,0.0,86.95652,43.47826,43.47826,0.0,43.47826,0.0,0.0,0.0,0.0,0.0,0.0,0.0,0.0,0.0,0.0,0.0,0.0,0.0,43.47826,43.47826,0.0,43.47826,43.47826,0.0,0.0,0.0,0.0,43.47826,43.47826,0.0,0.0,0.0,43.47826,43.47826,0.0,43.47826,0.0,0.0,43.47826,0.0,0.0,0.0,86.95652,43.47826,0.0,0.0,0.0,0.0,0.0,0.0,0.0,0.0,0.0,0.0,0.0,0.0,0.0,0.0
7,hsa.miR.29b.3p,304.347839,173.91304,347.82608,173.91304,86.95652,86.95652,86.95652,43.47826,43.47826,0.0,86.95652,43.47826,43.47826,86.95652,130.434784,43.47826,130.434784,0.0,0.0,43.47826,43.47826,0.0,43.47826,0.0,0.0,0.0,43.47826,43.47826,0.0,0.0,43.47826,43.47826,0.0,0.0,0.0,43.47826,43.47826,0.0,0.0,0.0,0.0,0.0,0.0,0.0,0.0,43.47826,43.47826,0.0,43.47826,0.0,0.0,0.0,0.0,43.47826,0.0,0.0,43.47826,0.0,43.47826,0.0,0.0,43.47826,43.47826,0.0,43.47826,0.0,0.0,0.0,0.0,43.47826,43.47826,43.47826,0.0,0.0,0.0,0.0,0.0,0.0,0.0,0.0,43.47826,0.0,0.0,0.0
8,hsa.miR.139.5p,173.91304,217.391312,304.347839,304.347839,0.0,86.95652,0.0,86.95652,0.0,0.0,173.91304,43.47826,43.47826,86.95652,0.0,130.434784,130.434784,43.47826,86.95652,43.47826,0.0,0.0,0.0,0.0,0.0,0.0,86.95652,0.0,0.0,0.0,0.0,0.0,43.47826,43.47826,0.0,0.0,0.0,0.0,0.0,0.0,0.0,0.0,0.0,0.0,0.0,86.95652,0.0,43.47826,43.47826,0.0,0.0,0.0,0.0,0.0,0.0,43.47826,0.0,0.0,43.47826,43.47826,0.0,0.0,0.0,0.0,0.0,0.0,86.95652,43.47826,0.0,86.95652,0.0,43.47826,0.0,0.0,43.47826,0.0,43.47826,0.0,0.0,43.47826,43.47826,0.0,0.0,0.0
9,hsa.miR.106a.5p,347.82608,304.347839,217.391312,130.434784,130.434784,173.91304,0.0,43.47826,0.0,43.47826,130.434784,86.95652,86.95652,86.95652,43.47826,0.0,86.95652,0.0,43.47826,0.0,86.95652,43.47826,0.0,0.0,0.0,43.47826,86.95652,0.0,0.0,0.0,0.0,0.0,43.47826,0.0,0.0,0.0,0.0,0.0,0.0,0.0,0.0,0.0,43.47826,0.0,43.47826,86.95652,0.0,0.0,43.47826,0.0,43.47826,0.0,0.0,43.47826,0.0,43.47826,0.0,0.0,0.0,86.95652,43.47826,0.0,0.0,0.0,0.0,0.0,0.0,0.0,0.0,86.95652,0.0,0.0,0.0,0.0,0.0,0.0,0.0,0.0,43.47826,0.0,0.0,0.0,0.0,0.0
10,hsa.miR.20b.5p,304.347839,304.347839,217.391312,173.91304,86.95652,173.91304,43.47826,0.0,0.0,43.47826,130.434784,86.95652,86.95652,86.95652,0.0,43.47826,130.434784,0.0,43.47826,0.0,43.47826,43.47826,0.0,0.0,0.0,43.47826,86.95652,0.0,43.47826,0.0,0.0,0.0,0.0,0.0,0.0,0.0,0.0,0.0,0.0,0.0,0.0,0.0,43.47826,0.0,43.47826,86.95652,0.0,0.0,43.47826,0.0,43.47826,0.0,0.0,86.95652,0.0,0.0,0.0,0.0,0.0,86.95652,0.0,0.0,0.0,0.0,43.47826,0.0,0.0,0.0,43.47826,43.47826,43.47826,0.0,0.0,0.0,0.0,0.0,0.0,0.0,0.0,43.47826,0.0,0.0,0.0,0.0
11,hsa.miR.876.5p,227.27272,181.818176,409.090912,181.818176,45.454544,0.0,90.909088,45.454544,90.909088,45.454544,45.454544,0.0,0.0,136.363632,181.818176,90.909088,90.909088,0.0,45.454544,45.454544,0.0,0.0,45.454544,0.0,0.0,0.0,0.0,0.0,0.0,0.0,45.454544,45.454544,0.0,0.0,0.0,45.454544,45.454544,0.0,45.454544,0.0,45.454544,0.0,0.0,0.0,0.0,45.454544,0.0,0.0,0.0,0.0,0.0,0.0,0.0,0.0,0.0,0.0,45.454544,45.454544,45.454544,0.0,0.0,45.454544,90.909088,45.454544,45.454544,0.0,45.454544,0.0,0.0,0.0,0.0,45.454544,0.0,0.0,0.0,0.0,0.0,0.0,45.454544,0.0,45.454544,0.0,0.0,0.0
12,hsa.miR.544a,227.27272,136.363632,454.545441,181.818176,45.454544,90.909088,90.909088,0.0,0.0,0.0,45.454544,90.909088,45.454544,45.454544,272.727264,90.909088,90.909088,0.0,45.454544,0.0,0.0,45.454544,0.0,0.0,0.0,0.0,45.454544,45.454544,0.0,0.0,90.909088,0.0,0.0,0.0,0.0,0.0,0.0,0.0,0.0,0.0,0.0,0.0,0.0,0.0,0.0,0.0,45.454544,0.0,90.909088,0.0,0.0,0.0,0.0,45.454544,0.0,0.0,0.0,0.0,0.0,45.454544,45.454544,0.0,136.363632,90.909088,0.0,0.0,45.454544,0.0,45.454544,0.0,45.454544,0.0,0.0,0.0,0.0,0.0,0.0,45.454544,0.0,0.0,0.0,0.0,0.0,0.0
13,hsa.miR.24.3p,272.727264,318.181824,181.818176,227.27272,45.454544,181.818176,0.0,45.454544,45.454544,90.909088,45.454544,90.909088,0.0,45.454544,45.454544,90.909088,181.818176,0.0,45.454544,0.0,0.0,0.0,0.0,45.454544,0.0,45.454544,45.454544,45.454544,0.0,0.0,0.0,0.0,45.454544,0.0,0.0,0.0,45.454544,0.0,0.0,0.0,45.454544,0.0,0.0,45.454544,0.0,0.0,45.454544,0.0,45.454544,0.0,45.454544,0.0,0.0,0.0,0.0,0.0,0.0,45.454544,0.0,0.0,0.0,0.0,0.0,45.454544,90.909088,0.0,0.0,0.0,0.0,181.818176,0.0,0.0,0.0,0.0,0.0,0.0,0.0,0.0,0.0,45.454544,0.0,0.0,0.0,0.0
14,hsa.miR.3619.5p,181.818176,409.090912,136.363632,272.727264,0.0,181.818176,0.0,0.0,0.0,136.363632,45.454544,227.27272,0.0,90.909088,0.0,45.454544,181.818176,0.0,45.454544,0.0,0.0,0.0,0.0,0.0,0.0,90.909088,0.0,90.909088,0.0,0.0,0.0,0.0,0.0,0.0,0.0,0.0,0.0,0.0,0.0,0.0,0.0,0.0,45.454544,90.909088,0.0,45.454544,0.0,0.0,136.363632,0.0,45.454544,0.0,0.0,0.0,0.0,0.0,0.0,45.454544,0.0,45.454544,0.0,0.0,0.0,0.0,45.454544,0.0,0.0,0.0,0.0,181.818176,0.0,0.0,0.0,0.0,0.0,0.0,0.0,45.454544,0.0,0.0,0.0,0.0,0.0,0.0
15,hsa.miR.148b.3p,272.727264,181.818176,318.181824,227.27272,45.454544,90.909088,45.454544,90.909088,45.454544,0.0,90.909088,45.454544,0.0,90.909088,90.909088,90.909088,181.818176,0.0,45.454544,0.0,0.0,0.0,0.0,45.454544,45.454544,0.0,45.454544,0.0,0.0,0.0,0.0,45.454544,45.454544,0.0,45.454544,0.0,45.454544,0.0,0.0,0.0,0.0,0.0,0.0,0.0,0.0,45.454544,0.0,0.0,45.454544,0.0,0.0,0.0,0.0,0.0,0.0,0.0,0.0,0.0,45.454544,45.454544,0.0,45.454544,45.454544,0.0,90.909088,0.0,0.0,0.0,0.0,90.909088,45.454544,45.454544,0.0,0.0,0.0,0.0,0.0,0.0,45.454544,0.0,0.0,0.0,0.0,0.0
16,hsa.miR.199b.5p,173.91304,173.91304,391.304352,260.869568,0.0,86.95652,43.47826,43.47826,43.47826,0.0,130.434784,0.0,86.95652,86.95652,130.434784,86.95652,43.47826,0.0,86.95652,86.95652,0.0,0.0,0.0,0.0,43.47826,0.0,43.47826,0.0,0.0,0.0,0.0,43.47826,0.0,0.0,43.47826,0.0,0.0,0.0,0.0,43.47826,0.0,0.0,0.0,0.0,0.0,43.47826,86.95652,0.0,0.0,0.0,0.0,0.0,0.0,43.47826,43.47826,0.0,0.0,0.0,86.95652,0.0,43.47826,0.0,43.47826,43.47826,0.0,0.0,43.47826,0.0,0.0,43.47826,0.0,0.0,0.0,0.0,0.0,0.0,43.47826,43.47826,0.0,0.0,43.47826,0.0,0.0,43.47826
17,hsa.miR.29b.3p,304.347839,173.91304,347.82608,173.91304,86.95652,86.95652,86.95652,43.47826,43.47826,0.0,86.95652,43.47826,43.47826,86.95652,130.434784,43.47826,130.434784,0.0,0.0,43.47826,43.47826,0.0,43.47826,0.0,0.0,0.0,43.47826,43.47826,0.0,0.0,43.47826,43.47826,0.0,0.0,0.0,43.47826,43.47826,0.0,0.0,0.0,0.0,0.0,0.0,0.0,0.0,43.47826,43.47826,0.0,43.47826,0.0,0.0,0.0,0.0,43.47826,0.0,0.0,43.47826,0.0,43.47826,0.0,0.0,43.47826,43.47826,0.0,43.47826,0.0,0.0,0.0,0.0,43.47826,43.47826,43.47826,0.0,0.0,0.0,0.0,0.0,0.0,0.0,0.0,43.47826,0.0,0.0,0.0
18,hsa.miR.26b.5p,333.333344,238.095245,333.333344,95.238098,95.238098,142.857147,95.238098,0.0,47.619049,95.238098,95.238098,0.0,95.238098,0.0,95.238098,95.238098,95.238098,0.0,0.0,0.0,0.0,47.619049,47.619049,0.0,0.0,95.238098,47.619049,0.0,47.619049,0.0,47.619049,0.0,0.0,0.0,0.0,0.0,0.0,0.0,47.619049,0.0,47.619049,0.0,47.619049,0.0,47.619049,0.0,0.0,0.0,0.0,0.0,0.0,0.0,47.619049,47.619049,0.0,0.0,0.0,0.0,0.0,0.0,0.0,0.0,0.0,95.238098,95.238098,0.0,0.0,0.0,47.619049,47.619049,0.0,0.0,0.0,0.0,0.0,0.0,0.0,0.0,0.0,0.0,0.0,0.0,0.0,0.0
19,hsa.miR.544a,227.27272,136.363632,454.545441,181.818176,45.454544,90.909088,90.909088,0.0,0.0,0.0,45.454544,90.909088,45.454544,45.454544,272.727264,90.909088,90.909088,0.0,45.454544,0.0,0.0,45.454544,0.0,0.0,0.0,0.0,45.454544,45.454544,0.0,0.0,90.909088,0.0,0.0,0.0,0.0,0.0,0.0,0.0,0.0,0.0,0.0,0.0,0.0,0.0,0.0,0.0,45.454544,0.0,90.909088,0.0,0.0,0.0,0.0,45.454544,0.0,0.0,0.0,0.0,0.0,45.454544,45.454544,0.0,136.363632,90.909088,0.0,0.0,45.454544,0.0,45.454544,0.0,45.454544,0.0,0.0,0.0,0.0,0.0,0.0,45.454544,0.0,0.0,0.0,0.0,0.0,0.0
20,hsa.miR.450a.5p,181.818176,181.818176,500.0,136.363632,45.454544,0.0,136.363632,0.0,45.454544,0.0,90.909088,45.454544,90.909088,136.363632,181.818176,45.454544,0.0,45.454544,45.454544,45.454544,0.0,0.0,45.454544,0.0,0.0,0.0,0.0,0.0,45.454544,45.454544,0.0,0.0,0.0,0.0,0.0,0.0,0.0,0.0,45.454544,0.0,0.0,0.0,0.0,0.0,0.0,45.454544,45.454544,0.0,0.0,45.454544,0.0,0.0,45.454544,0.0,45.454544,0.0,0.0,0.0,90.909088,45.454544,0.0,45.454544,90.909088,45.454544,0.0,0.0,0.0,45.454544,0.0,0.0,0.0,0.0,45.454544,0.0,0.0,0.0,45.454544,0.0,0.0,0.0,0.0,0.0,45.454544,0.0
21,hsa.miR.429,318.181824,181.818176,318.181824,181.818176,181.818176,0.0,45.454544,90.909088,0.0,45.454544,136.363632,0.0,136.363632,90.909088,0.0,45.454544,0.0,45.454544,90.909088,45.454544,90.909088,0.0,45.454544,45.454544,0.0,0.0,0.0,0.0,45.454544,0.0,0.0,0.0,0.0,0.0,45.454544,45.454544,0.0,0.0,0.0,0.0,0.0,0.0,45.454544,0.0,45.454544,0.0,0.0,45.454544,0.0,0.0,0.0,0.0,90.909088,0.0,0.0,45.454544,0.0,45.454544,45.454544,0.0,0.0,0.0,0.0,0.0,0.0,0.0,45.454544,0.0,0.0,0.0,0.0,0.0,0.0,0.0,45.454544,0.0,0.0,90.909088,0.0,0.0,0.0,45.454544,0.0,0.0
22,hsa.miR.122.5p,181.818176,409.090912,363.636353,45.454544,45.454544,45.454544,45.454544,45.454544,90.909088,90.909088,181.818176,0.0,0.0,272.727264,90.909088,0.0,45.454544,0.0,0.0,0.0,0.0,0.0,45.454544,0.0,0.0,0.0,45.454544,0.0,0.0,45.454544,0.0,0.0,45.454544,0.0,0.0,0.0,0.0,45.454544,0.0,45.454544,45.454544,0.0,45.454544,0.0,0.0,136.363632,45.454544,0.0,0.0,0.0,0.0,0.0,0.0,0.0,0.0,0.0,45.454544,90.909088,90.909088,0.0,0.0,45.454544,45.454544,0.0,0.0,0.0,0.0,0.0,45.454544,0.0,0.0,0.0,0.0,0.0,0.0,0.0,0.0,0.0,0.0,0.0,0.0,0.0,0.0,0.0
23,hsa.miR.302a.3p,173.91304,260.869568,434.782623,130.434784,43.47826,43.47826,43.47826,0.0,43.47826,43.47826,130.434784,43.47826,43.47826,173.91304,173.91304,43.47826,43.47826,0.0,43.47826,43.47826,0.0,43.47826,0.0,0.0,0.0,0.0,43.47826,0.0,0.0,43.47826,0.0,0.0,0.0,0.0,0.0,0.0,0.0,0.0,0.0,0.0,0.0,0.0,43.47826,0.0,0.0,86.95652,43.47826,0.0,0.0,0.0,43.47826,0.0,43.47826,0.0,0.0,0.0,43.47826,43.47826,43.47826,43.47826,0.0,43.47826,86.95652,43.47826,0.0,0.0,0.0,43.47826,0.0,0.0,43.47826,0.0,0.0,0.0,0.0,0.0,0.0,0.0,43.47826,0.0,43.47826,0.0,0.0,0.0
24,hsa.miR.448,227.27272,227.27272,363.636353,181.818176,0.0,45.454544,181.818176,0.0,45.454544,45.454544,90.909088,45.454544,90.909088,136.363632,45.454544,45.454544,90.909088,0.0,0.0,90.909088,0.0,0.0,0.0,0.0,0.0,45.454544,0.0,0.0,45.454544,90.909088,0.0,0.0,0.0,0.0,0.0,0.0,0.0,0.0,45.454544,0.0,45.454544,0.0,0.0,0.0,45.454544,0.0,0.0,45.454544,45.454544,0.0,0.0,0.0,0.0,45.454544,45.454544,0.0,0.0,0.0,90.909088,45.454544,0.0,45.454544,0.0,0.0,0.0,0.0,0.0,45.454544,0.0,0.0,90.909088,0.0,0.0,0.0,0.0,0.0,0.0,0.0,0.0,0.0,45.454544,0.0,0.0,45.454544
25,hsa.miR.490.3p,227.27272,272.727264,181.818176,318.181824,45.454544,45.454544,45.454544,90.909088,90.909088,90.909088,0.0,45.454544,0.0,136.363632,0.0,45.454544,90.909088,0.0,136.363632,90.909088,0.0,0.0,0.0,45.454544,0.0,45.454544,0.0,0.0,0.0,45.454544,0.0,0.0,0.0,0.0,45.454544,45.454544,0.0,45.454544,0.0,45.454544,90.909088,0.0,0.0,0.0,0.0,0.0,0.0,0.0,0.0,0.0,45.454544,0.0,0.0,0.0,0.0,0.0,0.0,45.454544,0.0,45.454544,0.0,0.0,0.0,0.0,0.0,0.0,0.0,45.454544,45.454544,0.0,45.454544,0.0,0.0,0.0,0.0,0.0,0.0,90.909088,0.0,45.454544,45.454544,0.0,45.454544,0.0
26,hsa.miR.302d.3p,173.91304,260.869568,434.782623,130.434784,43.47826,86.95652,43.47826,0.0,43.47826,0.0,173.91304,43.47826,43.47826,173.91304,130.434784,43.47826,43.47826,0.0,43.47826,43.47826,0.0,43.47826,0.0,0.0,0.0,0.0,86.95652,0.0,0.0,43.47826,0.0,0.0,0.0,0.0,0.0,0.0,0.0,43.47826,0.0,0.0,0.0,0.0,0.0,0.0,0.0,86.95652,43.47826,0.0,0.0,0.0,43.47826,0.0,43.47826,0.0,0.0,0.0,43.47826,0.0,86.95652,43.47826,0.0,43.47826,43.47826,43.47826,0.0,0.0,0.0,43.47826,0.0,0.0,43.47826,0.0,0.0,0.0,0.0,0.0,0.0,0.0,43.47826,0.0,43.47826,0.0,0.0,0.0
27,hsa.miR.149.5p,43.47826,173.91304,347.82608,434.782623,0.0,0.0,0.0,43.47826,0.0,43.47826,86.95652,43.47826,0.0,86.95652,43.47826,217.391312,43.47826,43.47826,173.91304,130.434784,0.0,0.0,0.0,0.0,0.0,0.0,0.0,0.0,0.0,0.0,0.0,0.0,0.0,0.0,43.47826,0.0,0.0,0.0,0.0,0.0,0.0,0.0,0.0,43.47826,0.0,43.47826,0.0,43.47826,0.0,0.0,43.47826,0.0,0.0,0.0,0.0,0.0,0.0,43.47826,43.47826,0.0,0.0,0.0,0.0,43.47826,43.47826,0.0,86.95652,86.95652,0.0,0.0,0.0,43.47826,0.0,0.0,43.47826,0.0,0.0,43.47826,43.47826,86.95652,0.0,43.47826,0.0,43.47826
28,hsa.miR.491.5p,227.27272,363.636353,181.818176,227.27272,45.454544,90.909088,45.454544,45.454544,90.909088,181.818176,45.454544,0.0,0.0,90.909088,45.454544,45.454544,45.454544,0.0,45.454544,136.363632,0.0,0.0,0.0,45.454544,0.0,45.454544,45.454544,0.0,0.0,45.454544,0.0,0.0,0.0,0.0,0.0,45.454544,45.454544,45.454544,0.0,0.0,45.454544,90.909088,0.0,0.0,0.0,45.454544,0.0,0.0,0.0,0.0,0.0,0.0,0.0,0.0,0.0,0.0,45.454544,45.454544,0.0,0.0,0.0,0.0,0.0,45.454544,0.0,0.0,0.0,45.454544,0.0,0.0,45.454544,0.0,0.0,0.0,0.0,0.0,0.0,0.0,45.454544,0.0,45.454544,0.0,45.454544,45.454544
29,hsa.miR.155.5p,250.0,291.666656,375.0,83.333336,83.333336,41.666668,125.0,0.0,41.666668,125.0,83.333336,41.666668,125.0,83.333336,83.333336,41.666668,0.0,41.666668,41.666668,0.0,0.0,0.0,83.333336,0.0,0.0,41.666668,0.0,0.0,41.666668,41.666668,0.0,41.666668,0.0,0.0,0.0,0.0,0.0,0.0,41.666668,0.0,0.0,83.333336,41.666668,0.0,0.0,41.666668,41.666668,0.0,0.0,0.0,41.666668,0.0,83.333336,41.666668,0.0,0.0,41.666668,0.0,0.0,41.666668,41.666668,0.0,0.0,0.0,0.0,41.666668,0.0,0.0,0.0,0.0,0.0,0.0,0.0,0.0,41.666668,0.0,41.666668,0.0,0.0,0.0,0.0,0.0,0.0,0.0
30,hsa.miR.122.5p,181.818176,409.090912,363.636353,45.454544,45.454544,45.454544,45.454544,45.454544,90.909088,90.909088,181.818176,0.0,0.0,272.727264,90.909088,0.0,45.454544,0.0,0.0,0.0,0.0,0.0,45.454544,0.0,0.0,0.0,45.454544,0.0,0.0,45.454544,0.0,0.0,45.454544,0.0,0.0,0.0,0.0,45.454544,0.0,45.454544,45.454544,0.0,45.454544,0.0,0.0,136.363632,45.454544,0.0,0.0,0.0,0.0,0.0,0.0,0.0,0.0,0.0,45.454544,90.909088,90.909088,0.0,0.0,45.454544,45.454544,0.0,0.0,0.0,0.0,0.0,45.454544,0.0,0.0,0.0,0.0,0.0,0.0,0.0,0.0,0.0,0.0,0.0,0.0,0.0,0.0,0.0
31,hsa.miR.302a.3p,173.91304,260.869568,434.782623,130.434784,43.47826,43.47826,43.47826,0.0,43.47826,43.47826,130.434784,43.47826,43.47826,173.91304,173.91304,43.47826,43.47826,0.0,43.47826,43.47826,0.0,43.47826,0.0,0.0,0.0,0.0,43.47826,0.0,0.0,43.47826,0.0,0.0,0.0,0.0,0.0,0.0,0.0,0.0,0.0,0.0,0.0,0.0,43.47826,0.0,0.0,86.95652,43.47826,0.0,0.0,0.0,43.47826,0.0,43.47826,0.0,0.0,0.0,43.47826,43.47826,43.47826,43.47826,0.0,43.47826,86.95652,43.47826,0.0,0.0,0.0,43.47826,0.0,0.0,43.47826,0.0,0.0,0.0,0.0,0.0,0.0,0.0,43.47826,0.0,43.47826,0.0,0.0,0.0
32,hsa.miR.302a.3p,173.91304,260.869568,434.782623,130.434784,43.47826,43.47826,43.47826,0.0,43.47826,43.47826,130.434784,43.47826,43.47826,173.91304,173.91304,43.47826,43.47826,0.0,43.47826,43.47826,0.0,43.47826,0.0,0.0,0.0,0.0,43.47826,0.0,0.0,43.47826,0.0,0.0,0.0,0.0,0.0,0.0,0.0,0.0,0.0,0.0,0.0,0.0,43.47826,0.0,0.0,86.95652,43.47826,0.0,0.0,0.0,43.47826,0.0,43.47826,0.0,0.0,0.0,43.47826,43.47826,43.47826,43.47826,0.0,43.47826,86.95652,43.47826,0.0,0.0,0.0,43.47826,0.0,0.0,43.47826,0.0,0.0,0.0,0.0,0.0,0.0,0.0,43.47826,0.0,43.47826,0.0,0.0,0.0
33,hsa.miR.302d.3p,173.91304,260.869568,434.782623,130.434784,43.47826,86.95652,43.47826,0.0,43.47826,0.0,173.91304,43.47826,43.47826,173.91304,130.434784,43.47826,43.47826,0.0,43.47826,43.47826,0.0,43.47826,0.0,0.0,0.0,0.0,86.95652,0.0,0.0,43.47826,0.0,0.0,0.0,0.0,0.0,0.0,0.0,43.47826,0.0,0.0,0.0,0.0,0.0,0.0,0.0,86.95652,43.47826,0.0,0.0,0.0,43.47826,0.0,43.47826,0.0,0.0,0.0,43.47826,0.0,86.95652,43.47826,0.0,43.47826,43.47826,43.47826,0.0,0.0,0.0,43.47826,0.0,0.0,43.47826,0.0,0.0,0.0,0.0,0.0,0.0,0.0,43.47826,0.0,43.47826,0.0,0.0,0.0
34,hsa.miR.505.3p,136.363632,181.818176,363.636353,318.181824,45.454544,0.0,0.0,90.909088,0.0,45.454544,90.909088,45.454544,0.0,90.909088,136.363632,90.909088,90.909088,45.454544,136.363632,45.454544,0.0,0.0,0.0,45.454544,0.0,0.0,0.0,0.0,0.0,0.0,0.0,0.0,45.454544,0.0,45.454544,0.0,0.0,0.0,0.0,0.0,0.0,0.0,45.454544,0.0,0.0,0.0,45.454544,45.454544,0.0,0.0,45.454544,0.0,0.0,0.0,0.0,0.0,0.0,45.454544,0.0,45.454544,0.0,45.454544,45.454544,45.454544,45.454544,0.0,0.0,45.454544,45.454544,0.0,0.0,45.454544,0.0,0.0,45.454544,0.0,0.0,45.454544,45.454544,0.0,0.0,0.0,45.454544,0.0
35,hsa.miR.302d.3p,173.91304,260.869568,434.782623,130.434784,43.47826,86.95652,43.47826,0.0,43.47826,0.0,173.91304,43.47826,43.47826,173.91304,130.434784,43.47826,43.47826,0.0,43.47826,43.47826,0.0,43.47826,0.0,0.0,0.0,0.0,86.95652,0.0,0.0,43.47826,0.0,0.0,0.0,0.0,0.0,0.0,0.0,43.47826,0.0,0.0,0.0,0.0,0.0,0.0,0.0,86.95652,43.47826,0.0,0.0,0.0,43.47826,0.0,43.47826,0.0,0.0,0.0,43.47826,0.0,86.95652,43.47826,0.0,43.47826,43.47826,43.47826,0.0,0.0,0.0,43.47826,0.0,0.0,43.47826,0.0,0.0,0.0,0.0,0.0,0.0,0.0,43.47826,0.0,43.47826,0.0,0.0,0.0
36,hsa.miR.149.5p,43.47826,173.91304,347.82608,434.782623,0.0,0.0,0.0,43.47826,0.0,43.47826,86.95652,43.47826,0.0,86.95652,43.47826,217.391312,43.47826,43.47826,173.91304,130.434784,0.0,0.0,0.0,0.0,0.0,0.0,0.0,0.0,0.0,0.0,0.0,0.0,0.0,0.0,43.47826,0.0,0.0,0.0,0.0,0.0,0.0,0.0,0.0,43.47826,0.0,43.47826,0.0,43.47826,0.0,0.0,43.47826,0.0,0.0,0.0,0.0,0.0,0.0,43.47826,43.47826,0.0,0.0,0.0,0.0,43.47826,43.47826,0.0,86.95652,86.95652,0.0,0.0,0.0,43.47826,0.0,0.0,43.47826,0.0,0.0,43.47826,43.47826,86.95652,0.0,43.47826,0.0,43.47826
37,hsa.miR.496,272.727264,181.818176,318.181824,227.27272,45.454544,45.454544,136.363632,45.454544,45.454544,45.454544,45.454544,45.454544,90.909088,90.909088,45.454544,90.909088,90.909088,0.0,45.454544,45.454544,0.0,0.0,45.454544,0.0,0.0,0.0,45.454544,0.0,0.0,45.454544,45.454544,45.454544,45.454544,0.0,0.0,0.0,0.0,45.454544,0.0,0.0,0.0,0.0,0.0,45.454544,45.454544,0.0,0.0,0.0,0.0,0.0,0.0,45.454544,0.0,0.0,45.454544,45.454544,45.454544,45.454544,0.0,0.0,45.454544,0.0,0.0,0.0,0.0,0.0,45.454544,0.0,45.454544,0.0,45.454544,0.0,0.0,0.0,0.0,0.0,0.0,0.0,0.0,45.454544,45.454544,0.0,0.0,0.0
38,hsa.miR.192.5p,285.714294,190.476196,238.095245,285.714294,47.619049,47.619049,95.238098,95.238098,142.857147,0.0,0.0,47.619049,47.619049,142.857147,47.619049,0.0,47.619049,0.0,95.238098,95.238098,0.0,0.0,47.619049,0.0,0.0,0.0,0.0,47.619049,0.0,47.619049,47.619049,0.0,47.619049,0.0,0.0,47.619049,47.619049,0.0,0.0,95.238098,0.0,0.0,0.0,0.0,0.0,0.0,0.0,0.0,0.0,0.0,0.0,47.619049,0.0,0.0,47.619049,0.0,142.857147,0.0,0.0,0.0,0.0,47.619049,0.0,0.0,0.0,0.0,0.0,0.0,0.0,47.619049,0.0,0.0,0.0,0.0,0.0,0.0,47.619049,47.619049,0.0,0.0,0.0,0.0,47.619049,0.0
39,hsa.miR.491.5p,227.27272,363.636353,181.818176,227.27272,45.454544,90.909088,45.454544,45.454544,90.909088,181.818176,45.454544,0.0,0.0,90.909088,45.454544,45.454544,45.454544,0.0,45.454544,136.363632,0.0,0.0,0.0,45.454544,0.0,45.454544,45.454544,0.0,0.0,45.454544,0.0,0.0,0.0,0.0,0.0,45.454544,45.454544,45.454544,0.0,0.0,45.454544,90.909088,0.0,0.0,0.0,45.454544,0.0,0.0,0.0,0.0,0.0,0.0,0.0,0.0,0.0,0.0,45.454544,45.454544,0.0,0.0,0.0,0.0,0.0,45.454544,0.0,0.0,0.0,45.454544,0.0,0.0,45.454544,0.0,0.0,0.0,0.0,0.0,0.0,0.0,45.454544,0.0,45.454544,0.0,45.454544,45.454544
