,A_x,A_y,G,T,C,AA,AG,AT,AC,GA,GG,GT,GC,TA,TG,TT,TC,CA,CG,CT,CC,KMAAA: Transcript k-mer AAA content,KMAAG: Transcript k-mer AAG content,KMAAT: Transcript k-mer AAT content,KMAAC: Transcript k-mer AAC content,KMAGA: Transcript k-mer AGA content,KMAGG: Transcript k-mer AGG content,KMAGT: Transcript k-mer AGT content,KMAGC: Transcript k-mer AGC content,KMATA: Transcript k-mer ATA content,KMATG: Transcript k-mer ATG content,KMATT: Transcript k-mer ATT content,KMATC: Transcript k-mer ATC content,KMACA: Transcript k-mer ACA content,KMACG: Transcript k-mer ACG content,KMACT: Transcript k-mer ACT content,KMACC: Transcript k-mer ACC content,KMGAA: Transcript k-mer GAA content,KMGAG: Transcript k-mer GAG content,KMGAT: Transcript k-mer GAT content,KMGAC: Transcript k-mer GAC content,KMGGA: Transcript k-mer GGA content,KMGGG: Transcript k-mer GGG content,KMGGT: Transcript k-mer GGT content,KMGGC: Transcript k-mer GGC content,KMGTA: Transcript k-mer GTA content,KMGTG: Transcript k-mer GTG content,KMGTT: Transcript k-mer GTT content,KMGTC: Transcript k-mer GTC content,KMGCA: Transcript k-mer GCA content,KMGCG: Transcript k-mer GCG content,KMGCT: Transcript k-mer GCT content,KMGCC: Transcript k-mer GCC content,KMTAA: Transcript k-mer TAA content,KMTAG: Transcript k-mer TAG content,KMTAT: Transcript k-mer TAT content,KMTAC: Transcript k-mer TAC content,KMTGA: Transcript k-mer TGA content,KMTGG: Transcript k-mer TGG content,KMTGT: Transcript k-mer TGT content,KMTGC: Transcript k-mer TGC content,KMTTA: Transcript k-mer TTA content,KMTTG: Transcript k-mer TTG content,KMTTT: Transcript k-mer TTT content,KMTTC: Transcript k-mer TTC content,KMTCA: Transcript k-mer TCA content,KMTCG: Transcript k-mer TCG content,KMTCT: Transcript k-mer TCT content,KMTCC: Transcript k-mer TCC content,KMCAA: Transcript k-mer CAA content,KMCAG: Transcript k-mer CAG content,KMCAT: Transcript k-mer CAT content,KMCAC: Transcript k-mer CAC content,KMCGA: Transcript k-mer CGA content,KMCGG: Transcript k-mer CGG content,KMCGT: Transcript k-mer CGT content,KMCGC: Transcript k-mer CGC content,KMCTA: Transcript k-mer CTA content,KMCTG: Transcript k-mer CTG content,KMCTT: Transcript k-mer CTT content,KMCTC: Transcript k-mer CTC content,KMCCA: Transcript k-mer CCA content,KMCCG: Transcript k-mer CCG content,KMCCT: Transcript k-mer CCT content,KMCCC: Transcript k-mer CCC content
0,ENST00000453875.5,293.594299,302.491089,161.921707,241.992889,85.409256,120.996445,32.028469,55.160141,99.644127,88.967972,37.366547,76.512459,35.587189,46.263344,46.263344,32.028469,71.174377,46.263344,46.263344,78.291817,26.690392,30.249111,14.234876,14.234876,55.160141,28.469751,17.793594,19.572954,3.558719,12.455516,10.676157,5.338078,14.234876,14.234876,3.558719,23.131672,28.469751,48.042706,5.338078,17.793594,26.690392,21.352314,10.676157,30.249111,8.896797,12.455516,8.896797,7.117438,26.690392,16.014235,16.014235,17.793594,8.896797,8.896797,10.676157,7.117438,7.117438,19.572954,3.558719,16.014235,16.014235,3.558719,19.572954,5.338078,7.117438,3.558719,5.338078,16.014235,21.352314,32.028469,1.779359,16.014235,10.676157,19.572954,5.338078,10.676157,7.117438,17.793594,7.117438,14.234876,23.131672,12.455516,21.352314,21.352314
1,ENST00000504748.1,149.905121,320.683105,204.933594,324.47818,11.3852,60.721062,20.872866,56.925995,41.745731,110.056923,58.823528,108.159393,9.487666,108.159393,34.155598,53.130928,87.28653,39.848198,91.081596,106.261856,0.0,9.487666,0.0,1.897533,7.590133,18.975332,11.3852,22.770399,0.0,13.282732,3.795066,3.795066,11.3852,11.3852,18.975332,15.180265,3.795066,18.975332,5.6926,13.282732,15.180265,30.360531,22.770399,41.745731,0.0,28.462997,5.6926,24.667933,34.155598,5.6926,26.565464,41.745731,0.0,5.6926,3.795066,0.0,17.077799,41.745731,15.180265,32.258064,3.795066,15.180265,7.590133,7.590133,24.667933,0.0,18.975332,9.487666,7.590133,26.565464,11.3852,41.745731,1.897533,17.077799,9.487666,11.3852,5.6926,51.233398,17.077799,17.077799,17.077799,22.770399,26.565464,39.848198
2,ENST00000599755.5,292.565948,191.846527,268.585144,247.002396,88.729019,59.952038,64.748199,79.136688,57.553955,43.165466,45.563549,43.165466,59.952038,74.34053,71.942444,62.350121,83.932854,14.388489,86.330933,62.350121,26.378897,19.184652,16.786572,26.378897,16.786572,9.592326,21.582733,9.592326,9.592326,19.184652,14.388489,21.582733,28.776978,9.592326,16.786572,23.980816,7.194244,19.184652,21.582733,9.592326,11.990408,14.388489,4.796163,11.990408,9.592326,9.592326,16.786572,9.592326,9.592326,2.398082,21.582733,9.592326,21.582733,4.796163,14.388489,19.184652,26.378897,14.388489,16.786572,16.786572,21.582733,19.184652,16.786572,14.388489,23.980816,2.398082,21.582733,14.388489,33.573143,16.786572,9.592326,23.980816,2.398082,4.796163,2.398082,4.796163,19.184652,26.378897,23.980816,16.786572,21.582733,0.0,26.378897,14.388489
3,ENST00000454129.5,264.380768,215.204147,290.773743,229.641327,82.562599,66.771935,62.260319,52.560345,59.32777,55.041733,53.011505,47.823143,50.530113,81.660278,95.646286,62.937061,71.960297,11.504624,79.855629,66.320778,30.453417,18.046469,19.399956,14.437176,19.174374,18.046469,15.56508,13.986014,13.309272,15.56508,20.979021,12.406948,19.174374,1.579066,19.399956,12.406948,18.272051,17.595308,11.955786,11.504624,17.144146,14.211595,13.760433,9.925558,9.023234,18.046469,15.56508,10.37672,16.016241,3.158132,15.790661,12.858109,16.467403,12.858109,12.632528,8.572073,19.851116,20.753441,20.753441,20.302279,16.241823,21.655764,38.123169,19.625536,17.595308,2.48139,21.204601,21.655764,17.369726,18.272051,18.272051,18.046469,3.158132,2.030228,2.932551,3.383713,11.955786,26.392962,20.979021,20.527859,19.174374,4.286036,23.460411,19.399956
4,ENST00000436656.5,295.620453,237.226273,282.238434,184.914841,97.323601,86.374695,60.827251,49.878345,75.425789,57.177616,57.177616,47.445255,59.610706,87.59124,88.807785,46.22871,63.260342,6.082725,75.425789,40.145985,30.413626,32.846714,21.89781,12.16545,25.547445,17.03163,21.89781,21.89781,4.86618,25.547445,20.681265,9.73236,18.248175,2.43309,19.46472,9.73236,24.3309,18.248175,18.248175,14.59854,21.89781,8.515815,17.03163,9.73236,10.948905,18.248175,15.815085,12.16545,20.681265,0.0,17.03163,9.73236,24.3309,12.16545,9.73236,13.381995,25.547445,30.413626,15.815085,15.815085,27.980536,21.89781,31.630171,7.29927,10.948905,3.649635,15.815085,15.815085,18.248175,23.114355,10.948905,9.73236,2.43309,1.216545,2.43309,0.0,15.815085,21.89781,20.681265,17.03163,13.381995,0.0,21.89781,4.86618
5,ENST00000511893.1,283.387634,221.498367,307.817596,187.296417,105.86319,66.775246,70.03257,39.087948,48.859936,50.488598,76.547234,45.602608,66.775246,86.319221,99.348534,55.374592,61.889252,16.286646,61.889252,47.23127,43.973942,21.172638,26.058632,13.029316,4.885993,16.286646,24.429968,21.172638,13.029316,17.91531,29.315962,9.771987,16.286646,1.628664,14.657981,6.514658,17.91531,16.286646,8.143323,6.514658,13.029316,13.029316,17.91531,6.514658,26.058632,24.429968,16.286646,9.771987,13.029316,1.628664,17.91531,13.029316,32.573292,9.771987,14.657981,9.771987,29.315962,14.657981,27.687296,14.657981,19.543974,21.172638,34.201954,24.429968,14.657981,11.400652,14.657981,14.657981,11.400652,19.543974,21.172638,9.771987,1.628664,4.885993,6.514658,3.257329,8.143323,22.801304,19.543974,11.400652,17.91531,1.628664,14.657981,13.029316
6,ENST00000414894.1,246.575348,227.397263,265.753418,260.273987,71.23288,68.493149,49.315067,57.534248,76.712326,65.753426,38.356163,43.835617,41.09589,71.23288,82.19178,71.23288,57.534248,19.178082,95.890411,87.671234,21.917809,19.178082,10.958904,19.178082,10.958904,21.917809,19.178082,13.69863,13.69863,10.958904,10.958904,13.69863,21.917809,2.739726,16.438356,16.438356,24.657534,16.438356,19.178082,16.438356,46.575344,8.219178,5.479452,5.479452,8.219178,2.739726,19.178082,8.219178,2.739726,2.739726,16.438356,21.917809,13.69863,10.958904,10.958904,5.479452,16.438356,21.917809,10.958904,21.917809,2.739726,16.438356,27.397261,35.61644,10.958904,8.219178,27.397261,24.657534,10.958904,21.917809,8.219178,16.438356,2.739726,13.69863,0.0,2.739726,16.438356,41.09589,24.657534,13.69863,21.917809,5.479452,35.61644,24.657534
7,ENST00000602587.5,243.567749,190.394516,322.469971,243.567749,63.464836,70.325897,61.749573,48.027443,58.319038,41.166382,53.173241,37.735847,37.735847,72.041168,111.492279,99.48542,84.048027,6.861063,96.054886,56.603775,17.152658,24.013721,12.006861,10.291595,24.013721,20.583191,12.006861,13.722127,12.006861,13.722127,18.867924,15.437393,18.867924,5.145798,13.722127,10.291595,22.298456,13.722127,18.867924,3.430532,13.722127,8.576329,10.291595,8.576329,0.0,18.867924,13.722127,20.583191,12.006861,0.0,17.152658,8.576329,3.430532,15.437393,8.576329,10.291595,18.867924,12.006861,27.444254,13.722127,10.291595,22.298456,42.881645,36.020584,30.874786,1.715266,41.166382,25.728989,20.583191,17.152658,22.298456,24.013721,1.715266,0.0,3.430532,1.715266,15.437393,17.152658,36.020584,27.444254,22.298456,0.0,24.013721,10.291595
8,ENST00000584485.1,285.20285,177.804291,353.221954,183.770889,85.918854,50.119331,102.625298,45.346062,58.472553,45.346062,50.119331,23.866348,77.565636,70.405731,134.844864,70.405731,63.245823,11.933174,64.43914,44.152744,21.479713,16.706444,32.21957,15.513126,19.093079,11.933174,11.933174,7.159904,29.832935,20.286396,38.186157,14.319809,19.093079,3.579952,13.126492,9.546539,21.479713,11.933174,16.706444,8.353222,15.513126,13.126492,10.739857,5.966587,16.706444,10.739857,10.739857,11.933174,9.546539,1.193317,10.739857,2.386635,25.059666,8.353222,33.412888,9.546539,20.286396,20.286396,21.479713,8.353222,22.673031,19.093079,63.245823,29.832935,20.286396,2.386635,23.866348,23.866348,17.899761,13.126492,20.286396,11.933174,3.579952,0.0,5.966587,2.386635,8.353222,20.286396,21.479713,14.319809,14.319809,4.77327,16.706444,8.353222
9,ENST00000444126.5,263.409332,216.503799,290.770905,229.315964,81.650383,67.100975,62.106407,52.334419,60.369164,55.157436,52.76873,48.208469,49.945713,82.301849,95.114006,63.409336,71.444084,11.726384,80.781761,65.363731,30.618893,17.806732,19.109663,13.897937,18.675352,18.241043,15.63518,14.549403,13.463627,15.418024,21.06406,12.160695,18.675352,1.520087,19.543974,12.595005,18.241043,18.023888,12.377851,11.726384,17.806732,14.115092,13.463627,9.771987,8.469055,18.241043,15.200869,10.857763,16.503799,3.257329,16.286646,12.160695,15.852334,12.595005,12.595005,8.903366,20.412596,20.846905,20.629751,20.412596,15.852334,22.149837,37.350704,19.761129,17.372421,2.605863,21.932682,21.498371,16.93811,18.675352,18.023888,17.806732,3.257329,1.954397,3.040174,3.474484,12.160695,26.492943,21.498371,20.629751,18.892508,4.343105,23.018457,19.109663
10,ENST00000628924.1,318.871246,210.582016,307.231049,163.315689,100.176369,78.306877,91.710762,48.67725,78.659615,48.324516,52.910053,30.68783,69.135803,79.365082,107.583771,50.793652,70.899467,4.585538,55.026455,32.804234,32.804234,21.516754,29.982363,15.873015,31.040564,15.873015,19.047619,12.345679,20.811287,23.633158,30.335096,16.931217,17.636684,1.058201,17.989418,11.992946,29.629629,19.047619,19.753086,10.229277,17.989418,11.992946,9.876543,8.465609,15.520282,12.345679,21.516754,3.527337,15.520282,0.352734,9.523809,5.291005,19.400352,16.931217,18.342152,14.462081,27.865961,19.753086,22.222221,9.523809,23.280424,28.218695,36.684303,19.047619,20.811287,1.763668,17.989418,10.229277,18.342152,20.811287,23.633158,8.112875,1.763668,0.705467,1.763668,0.352734,9.523809,15.167548,19.047619,11.287477,16.931217,1.410935,9.171076,5.291005
11,ENST00000563777.1,243.482666,255.884583,230.321442,270.31131,72.386734,72.892937,46.064289,52.138699,67.32473,77.195648,48.342194,63.022018,32.396862,71.121239,57.20071,69.602631,71.121239,34.674767,78.714249,85.547966,27.841053,15.439129,16.704632,12.401923,17.970135,23.791445,16.45153,14.679828,6.074411,14.679828,11.895722,13.414326,14.426727,6.580613,15.69223,15.439129,18.476336,23.032145,10.63022,15.186028,23.285244,20.501139,10.63022,22.779043,5.568211,18.223234,10.12402,14.426727,16.198431,9.870919,15.69223,21.260441,7.339914,9.364717,7.339914,8.352316,14.679828,23.032145,16.198431,17.210833,8.858517,14.932928,17.970135,15.439129,17.970135,7.593014,20.248039,23.538345,18.476336,25.056948,11.389522,16.198431,11.389522,9.870919,5.06201,8.352316,11.895722,23.285244,17.210833,26.322451,22.525942,10.63022,27.081751,25.310047
12,ENST00000508266.1,234.347046,257.602875,273.703033,234.347046,80.500893,67.978531,44.722717,41.144901,62.611805,89.445435,41.144901,62.611805,33.989265,71.556351,96.601074,71.556351,55.456173,28.62254,91.234344,59.033989,30.411449,19.677996,14.31127,16.10018,25.044724,16.10018,8.944544,17.889088,16.10018,5.366726,12.522362,10.733453,19.677996,3.577817,10.733453,7.155635,19.677996,25.044724,7.155635,10.733453,19.677996,33.989265,12.522362,21.466906,3.577817,14.31127,19.677996,3.577817,8.944544,10.733453,26.833632,16.10018,10.733453,7.155635,14.31127,1.788909,16.10018,30.411449,12.522362,12.522362,3.577817,26.833632,41.144901,25.044724,10.733453,7.155635,37.567085,16.10018,17.889088,16.10018,8.944544,12.522362,1.788909,8.944544,7.155635,10.733453,10.733453,25.044724,23.255814,32.200359,16.10018,7.155635,16.10018,19.677996
13,ENST00000517774.1,130.260529,326.65332,152.304611,390.781555,20.040081,52.10421,10.020041,48.096191,52.10421,130.260529,44.088177,100.200401,0.0,64.128258,20.040081,66.132263,58.116234,78.156311,78.156311,176.352707,4.008016,6.012024,4.008016,6.012024,2.004008,32.064129,6.012024,12.024048,0.0,8.016032,2.004008,0.0,6.012024,12.024048,10.020041,20.040081,4.008016,18.036072,0.0,30.06012,26.052105,48.096191,20.040081,36.072144,0.0,20.040081,2.004008,22.044088,18.036072,18.036072,16.032064,48.096191,0.0,0.0,0.0,0.0,6.012024,22.044088,10.020041,26.052105,0.0,4.008016,4.008016,10.020041,8.016032,2.004008,18.036072,38.076153,12.024048,28.056112,6.012024,12.024048,16.032064,28.056112,8.016032,26.052105,0.0,32.064129,12.024048,34.068138,26.052105,46.092186,34.068138,70.140282
14,ENST00000454129.5,264.380768,215.204147,290.773743,229.641327,82.562599,66.771935,62.260319,52.560345,59.32777,55.041733,53.011505,47.823143,50.530113,81.660278,95.646286,62.937061,71.960297,11.504624,79.855629,66.320778,30.453417,18.046469,19.399956,14.437176,19.174374,18.046469,15.56508,13.986014,13.309272,15.56508,20.979021,12.406948,19.174374,1.579066,19.399956,12.406948,18.272051,17.595308,11.955786,11.504624,17.144146,14.211595,13.760433,9.925558,9.023234,18.046469,15.56508,10.37672,16.016241,3.158132,15.790661,12.858109,16.467403,12.858109,12.632528,8.572073,19.851116,20.753441,20.753441,20.302279,16.241823,21.655764,38.123169,19.625536,17.595308,2.48139,21.204601,21.655764,17.369726,18.272051,18.272051,18.046469,3.158132,2.030228,2.932551,3.383713,11.955786,26.392962,20.979021,20.527859,19.174374,4.286036,23.460411,19.399956
15,ENST00000602498.1,198.776764,235.473999,327.217133,238.532104,48.929665,64.220184,45.871559,36.697247,61.162079,55.045872,48.929665,70.336388,42.813457,107.033638,107.033638,70.336388,45.871559,9.174312,125.382263,58.103977,24.464832,18.348623,6.116208,0.0,15.29052,21.406729,6.116208,21.406729,15.29052,9.174312,6.116208,15.29052,6.116208,0.0,27.522936,3.058104,15.29052,12.232416,18.348623,15.29052,21.406729,9.174312,12.232416,12.232416,6.116208,21.406729,18.348623,3.058104,15.29052,3.058104,30.581039,21.406729,3.058104,15.29052,9.174312,12.232416,24.464832,21.406729,30.581039,30.581039,12.232416,24.464832,45.871559,24.464832,9.174312,0.0,36.697247,24.464832,6.116208,18.348623,12.232416,9.174312,0.0,3.058104,0.0,6.116208,9.174312,51.987766,36.697247,27.522936,15.29052,6.116208,30.581039,6.116208
16,ENST00000476405.1,216.035126,279.112762,219.269867,285.582245,50.600739,81.330872,34.195934,49.907578,65.15712,85.027725,46.903881,82.024033,23.10536,78.558228,55.91497,61.460258,77.171906,34.195934,82.255081,91.959335,16.63586,17.097967,6.931608,9.935305,19.408503,27.495378,11.090573,23.336414,4.621072,11.55268,7.393715,10.397412,14.325323,6.238447,12.707949,16.63586,14.09427,26.340111,9.242145,15.480592,26.340111,21.025879,12.476894,25.184843,4.158965,21.719038,9.01109,12.014788,22.643253,11.090573,23.336414,24.953789,8.548984,5.083179,4.390018,5.083179,13.401109,25.878004,16.173752,23.10536,7.393715,11.783733,20.56377,16.173752,15.942698,3.696858,17.560074,24.260628,11.321627,32.809612,13.632163,19.408503,6.007394,10.628466,7.162662,10.397412,6.931608,33.502773,18.946396,22.874308,24.260628,13.170055,28.419594,26.109056
17,ENST00000411861.5,195.934494,317.899506,171.654434,314.511566,29.361942,83.568604,25.409372,57.029926,63.805759,117.447769,40.654999,95.990967,14.680971,61.54715,36.702427,58.723885,87.521172,55.335968,68.887634,102.7668,5.081875,12.987013,5.646527,5.081875,14.116319,31.620554,9.034444,28.797289,1.129305,9.034444,5.081875,10.16375,16.939583,11.857708,9.599096,18.633541,11.857708,29.361942,2.258611,20.327499,26.538679,36.702427,15.245624,38.96104,3.387916,19.762846,5.646527,11.857708,24.844721,20.892151,19.198193,31.055901,1.693958,5.081875,2.823264,5.081875,13.551665,22.021458,9.034444,16.939583,3.952569,7.905138,11.857708,12.987013,15.810277,6.775833,15.810277,20.327499,10.728402,36.137775,14.116319,26.538679,9.599096,27.103331,7.340486,11.293055,6.21118,24.844721,14.116319,23.715416,29.926596,15.810277,24.280067,32.749859
18,ENST00000560706.5,247.3573,272.727264,226.215637,253.699783,84.566597,80.338264,38.05497,44.397465,67.653275,84.566597,52.854122,67.653275,35.940804,69.767441,59.196617,59.196617,57.082451,38.05497,76.10994,82.452431,40.169132,21.141649,6.342494,16.913319,23.255814,31.712473,14.799154,10.570825,6.342494,8.456659,10.570825,12.684989,12.684989,0.0,12.684989,19.027485,19.027485,29.598309,8.456659,10.570825,23.255814,19.027485,12.684989,29.598309,2.114165,25.369978,12.684989,10.570825,10.570825,19.027485,14.799154,23.255814,6.342494,10.570825,12.684989,6.342494,8.456659,25.369978,16.913319,19.027485,12.684989,16.913319,16.913319,12.684989,14.799154,2.114165,21.141649,21.141649,16.913319,19.027485,10.570825,10.570825,12.684989,8.456659,8.456659,8.456659,14.799154,19.027485,19.027485,23.255814,19.027485,16.913319,27.484144,19.027485
19,ENST00000449589.5,287.921356,248.595505,265.449432,198.033707,88.483147,91.292137,51.966293,56.179775,75.842697,60.393257,60.393257,51.966293,51.966293,91.292137,80.056183,40.730335,71.629211,5.617978,73.033707,47.752808,25.280899,36.516853,14.044944,12.64045,21.067415,22.47191,25.280899,22.47191,5.617978,29.494383,11.235955,5.617978,21.067415,1.404494,19.662922,14.044944,23.876404,22.47191,12.64045,16.853933,22.47191,8.426967,19.662922,9.831461,9.831461,19.662922,21.067415,9.831461,21.067415,0.0,19.662922,11.235955,19.662922,11.235955,9.831461,11.235955,29.494383,28.089888,14.044944,19.662922,21.067415,23.876404,23.876404,11.235955,11.235955,4.213483,11.235955,14.044944,19.662922,21.067415,15.449438,15.449438,2.808989,1.404494,1.404494,0.0,15.449438,18.258427,23.876404,14.044944,18.258427,0.0,21.067415,8.426967
20,ENST00000451786.5,267.332397,243.651932,256.776031,232.239655,78.174034,81.027107,58.487873,49.643368,69.614838,65.049927,46.504993,62.48217,55.349503,67.902992,77.032814,56.490726,63.908703,29.671898,74.750359,63.623394,23.680456,21.112696,18.830242,14.550642,20.542082,22.253923,16.547789,21.68331,16.262482,13.124108,18.830242,10.271041,16.833096,7.132668,14.265335,11.412269,22.253923,24.536377,12.553495,10.271041,22.53923,16.262482,11.412269,14.835949,10.841655,13.409415,12.838801,9.415121,15.691869,7.417974,18.830242,20.542082,19.115549,10.841655,13.694722,11.697575,21.968616,16.833096,15.406562,13.694722,16.833096,15.121255,28.245363,16.833096,15.691869,3.423681,20.827389,16.262482,13.124108,24.25107,13.409415,13.124108,4.564907,9.700428,3.138374,12.268188,11.412269,26.248217,17.118402,19.97147,15.691869,11.697575,20.827389,15.406562
21,ENST00000499180.2,359.413208,198.044006,227.383865,215.15892,144.254272,95.354523,56.234718,63.569683,83.129585,41.564793,26.894865,44.009781,48.899757,58.679707,66.014671,53.78973,83.129585,0.0,78.239609,53.78973,53.78973,46.454769,9.779951,34.229828,36.674816,22.00489,14.669927,22.00489,17.114914,9.779951,22.00489,7.334963,29.339853,0.0,24.449879,9.779951,41.564793,12.224939,22.00489,7.334963,26.894865,4.889976,0.0,7.334963,4.889976,12.224939,7.334963,2.444988,19.559902,0.0,9.779951,14.669927,22.00489,4.889976,12.224939,9.779951,19.559902,14.669927,9.779951,14.669927,14.669927,4.889976,17.114914,29.339853,9.779951,0.0,29.339853,14.669927,26.894865,31.784842,12.224939,12.224939,0.0,0.0,0.0,0.0,12.224939,31.784842,19.559902,14.669927,24.449879,0.0,14.669927,14.669927
22,ENST00000515108.1,255.361603,272.817963,185.536163,286.284302,83.790527,78.304237,32.917706,60.349129,74.812965,69.825439,40.399002,87.780548,19.950125,63.840401,46.384041,55.361595,76.807983,60.349129,65.835411,82.793015,32.917706,18.952618,10.473816,21.446384,29.426434,15.9601,10.972569,21.945137,4.987531,7.98005,7.98005,11.970075,14.962593,10.473816,14.46384,20.448877,24.937656,21.945137,11.970075,15.9601,18.453865,18.952618,9.476309,22.942644,3.491272,19.451372,5.486284,11.970075,21.945137,21.446384,21.446384,22.942644,6.48379,6.48379,2.493766,4.488778,12.468828,18.453865,11.471322,21.446384,2.992519,11.970075,18.453865,12.967581,12.468828,8.478803,14.962593,18.952618,19.451372,30.922693,7.98005,18.453865,14.46384,16.458853,8.478803,20.947632,8.478803,24.438902,14.46384,18.453865,27.431421,19.950125,14.962593,20.448877
23,ENST00000508913.5,248.377319,268.282135,194.288193,289.052368,79.186501,76.157509,32.886196,60.147121,72.263092,70.532234,41.107746,84.379059,21.635656,63.608826,48.89658,60.147121,75.292084,57.550842,71.397667,84.379059,30.722631,17.308525,9.086975,22.068369,26.3955,18.606665,9.519689,21.635656,5.62527,7.356123,7.788836,12.115967,15.577672,10.385115,15.144958,19.039377,23.799221,20.337517,12.981393,15.144958,19.47209,18.17395,11.250541,21.635656,3.894418,17.741238,6.490696,12.981393,20.770229,19.47209,21.635656,22.501081,6.92341,6.490696,3.028992,5.192557,13.84682,17.741238,11.683254,20.337517,3.461705,12.981393,18.17395,14.279532,12.115967,9.086975,17.308525,21.202942,17.741238,32.020771,7.788836,17.741238,12.54868,16.010386,8.654263,20.337517,8.654263,25.530073,16.443098,20.770229,26.828213,18.606665,17.308525,21.635656
24,ENST00000426529.6,293.505219,228.805161,263.262268,214.427368,94.695091,80.813087,64.947945,53.049084,73.12841,58.750618,50.818047,45.860188,47.099651,75.359444,78.829948,61.973228,78.582054,13.882003,68.666336,53.296974,32.969757,22.806149,23.301933,15.617253,29.251364,19.831432,14.873574,16.856718,10.907288,20.079327,19.087753,14.873574,24.541399,3.470501,11.650967,13.386217,24.293505,24.541399,12.146752,12.146752,21.566683,15.36936,11.155181,10.411502,10.16361,15.617253,13.386217,11.650967,15.121468,3.470501,15.36936,11.89886,16.360931,11.155181,11.155181,8.428359,19.58354,19.831432,21.31879,14.625682,15.865147,15.865147,30.490828,16.608826,21.566683,2.726822,22.558254,15.121468,21.070898,22.310362,18.344076,16.856718,2.726822,3.718394,3.470501,3.966287,10.16361,23.79772,15.865147,18.839861,17.352503,4.21418,19.087753,12.642538
25,ENST00000382215.3,264.141907,276.605957,210.450623,248.801529,74.784279,97.794823,44.582935,46.979866,86.289551,88.686478,37.392139,64.237778,29.721956,70.949188,49.856186,59.923298,72.86673,19.175455,78.61937,77.660591,26.845638,25.886866,13.422819,8.628955,34.995205,33.07766,10.067114,19.654842,6.71141,13.902205,11.505273,12.464046,12.943433,4.793864,13.422819,15.819751,24.928093,34.995205,13.902205,12.464046,29.721956,24.928093,12.943433,21.093,4.314477,15.819751,6.232023,11.025887,19.175455,5.27325,21.572388,18.216682,9.108341,7.190796,6.232023,7.190796,17.25791,24.448706,9.587728,19.654842,5.752636,13.902205,17.25791,12.943433,16.778524,3.355705,19.175455,20.134228,13.902205,29.242569,11.025887,18.69607,4.314477,6.232023,4.793864,3.835091,12.943433,27.325024,14.860978,23.489933,23.969318,5.752636,24.448706,23.489933
26,ENST00000501008.2,263.435181,293.466797,221.812439,221.285568,81.664909,97.997894,43.203373,40.042149,86.406746,83.245522,49.525818,74.288727,41.622761,64.805061,66.385666,48.998947,53.74078,47.418335,62.697575,57.428871,30.031612,27.924131,13.17176,10.537408,35.300316,24.236038,17.913593,20.547945,13.17176,8.956797,13.17176,7.903056,12.118019,7.376185,12.64489,7.903056,22.655426,35.300316,14.2255,14.2255,28.977871,24.236038,11.591148,18.440464,8.956797,19.494204,12.64489,8.429926,14.2255,20.547945,21.074816,18.440464,17.386723,11.591148,6.849315,5.268704,13.17176,17.386723,14.752371,19.494204,13.69863,13.69863,22.655426,16.332983,12.118019,7.376185,12.118019,17.386723,11.591148,23.182297,8.956797,10.010537,8.956797,17.386723,5.268704,15.806111,5.795574,22.655426,17.913593,16.332983,15.279242,12.118019,16.332983,13.69863
27,ENST00000438608.5,264.761902,260.952393,194.285721,280.0,68.571426,89.523811,45.714287,59.047619,87.619049,64.761902,34.285713,74.285713,22.857143,93.333336,34.285713,43.809525,85.714287,13.333333,78.095238,102.85714,13.333333,24.761906,11.428572,19.047619,36.190475,19.047619,9.523809,24.761906,5.714286,28.571428,7.619048,3.809524,13.333333,3.809524,13.333333,28.571428,26.666666,26.666666,22.857143,11.428572,28.571428,9.523809,9.523809,17.142857,3.809524,15.238095,9.523809,5.714286,22.857143,1.904762,22.857143,26.666666,7.619048,7.619048,1.904762,5.714286,19.047619,32.380951,13.333333,28.571428,0.0,13.333333,3.809524,17.142857,13.333333,0.0,13.333333,17.142857,20.952381,30.476191,9.523809,22.857143,3.809524,3.809524,1.904762,3.809524,13.333333,34.285713,13.333333,17.142857,36.190475,7.619048,28.571428,30.476191
28,ENST00000398461.5,191.4832,263.615295,235.805328,309.096161,44.032444,67.497101,34.762455,45.191193,55.909618,87.485519,51.853996,68.366165,25.202782,82.560837,53.881809,74.159904,66.338356,26.071842,95.307068,121.089226,14.19467,12.16686,9.559675,8.111239,12.746234,19.988413,15.353418,19.409039,4.634994,11.877172,7.531866,10.718424,8.400927,4.634994,12.746234,19.11935,13.904983,19.698725,8.690614,13.615295,19.988413,27.809965,13.325608,26.36153,6.373117,20.567787,13.035921,11.877172,13.615295,5.793743,20.857473,28.099653,4.924681,12.16686,3.476246,4.634994,19.409039,28.099653,17.670916,17.381227,6.952491,14.484357,15.353418,17.091541,15.063731,5.504056,24.044033,29.548088,11.008111,23.464659,13.035921,18.829664,3.765933,11.587485,5.504056,5.214368,7.242178,35.631519,17.960602,34.472771,28.968714,10.13905,37.659328,44.322132
29,ENST00000590274.1,244.663376,215.106735,313.628906,226.600983,70.607552,67.323479,62.397373,44.334976,65.681442,54.187191,50.903118,42.69294,41.050903,77.175697,118.226601,77.175697,67.323479,14.778325,82.101807,62.397373,21.34647,16.420361,19.704433,13.136289,21.34647,14.778325,16.420361,14.778325,9.852217,14.778325,19.704433,18.062397,11.494253,3.284072,16.420361,13.136289,21.34647,18.062397,16.420361,9.852217,18.062397,14.778325,13.136289,8.21018,8.21018,18.062397,14.778325,9.852217,11.494253,0.0,14.778325,16.420361,9.852217,11.494253,13.136289,6.568144,22.988506,18.062397,18.062397,16.420361,14.778325,18.062397,60.755337,24.630543,26.272577,3.284072,27.914614,19.704433,18.062397,21.34647,13.136289,14.778325,3.284072,6.568144,1.642036,3.284072,8.21018,26.272577,22.988506,24.630543,18.062397,8.21018,22.988506,13.136289
30,ENST00000413421.5,317.191284,238.498795,284.503632,159.80629,118.644066,84.745766,81.1138,32.687653,72.639229,60.532688,65.375305,39.951572,69.007263,81.1138,81.1138,52.058113,55.690071,12.106538,56.900726,35.108959,38.740921,33.898304,35.108959,10.895884,30.266344,21.791767,15.738499,16.949152,19.370461,30.266344,21.791767,8.474576,13.317191,3.631961,6.053269,9.68523,36.319614,16.949152,12.106538,7.263923,19.370461,15.738499,15.738499,9.68523,15.738499,25.423729,15.738499,8.474576,12.106538,3.631961,13.317191,10.895884,20.581114,15.738499,23.00242,9.68523,20.581114,19.370461,29.055691,12.106538,19.370461,10.895884,29.055691,21.791767,19.370461,2.421308,20.581114,9.68523,21.791767,18.159807,10.895884,4.842615,2.421308,3.631961,4.842615,1.210654,14.527845,14.527845,14.527845,13.317191,10.895884,2.421308,16.949152,4.842615
31,ENST00000517675.1,237.252548,265.146973,256.4487,241.151764,64.487106,84.283142,49.790043,38.392323,67.186562,77.384521,51.889622,68.686264,43.19136,83.683266,72.58548,56.988602,62.087582,19.796041,82.183563,77.084579,19.796041,20.9958,14.39712,8.9982,25.494902,26.9946,11.69766,20.095982,9.898021,17.696461,14.697061,7.4985,12.297541,2.69946,10.79784,12.597481,17.696461,28.194361,10.79784,10.4979,20.9958,24.895021,13.197361,18.296341,9.598081,20.69586,10.79784,10.79784,19.196161,7.19856,23.095381,19.196161,14.997001,8.9982,12.297541,6.89862,16.79664,20.095982,22.795441,23.995201,15.296941,14.997001,23.395321,18.896221,12.897421,2.39952,20.395922,21.29574,11.69766,26.094782,12.297541,11.997601,3.89922,5.39892,4.19916,6.29874,8.39832,30.293941,23.695261,19.796041,17.696461,7.4985,27.894421,23.995201
32,ENST00000602618.1,234.54158,234.54158,283.582092,247.334747,81.023453,66.098083,44.776119,40.511726,55.437099,59.701492,72.494667,46.908314,34.115139,98.081024,74.626869,76.759064,63.965885,10.660981,91.684433,81.023453,29.850746,23.454157,17.05757,10.660981,17.05757,19.189766,21.321962,8.528785,6.396588,12.793177,14.925373,10.660981,12.793177,2.132196,8.528785,17.05757,23.454157,6.396588,10.660981,14.925373,12.793177,10.660981,21.321962,14.925373,12.793177,31.982943,17.05757,10.660981,14.925373,0.0,12.793177,19.189766,17.05757,8.528785,6.396588,2.132196,25.586353,25.586353,27.71855,19.189766,6.396588,27.71855,19.189766,21.321962,19.189766,4.264392,29.850746,23.454157,10.660981,27.71855,10.660981,12.793177,0.0,4.264392,2.132196,4.264392,8.528785,25.586353,23.454157,34.115139,17.05757,4.264392,40.511726,19.189766
33,ENST00000577163.1,224.137924,275.862061,227.586212,272.413788,48.275864,87.931038,34.482758,53.448277,72.413795,79.310349,48.275864,74.137932,27.586206,82.758621,55.172413,62.068966,75.862068,25.862068,89.655174,81.034485,12.068966,22.413794,3.448276,10.344828,17.241379,24.137932,22.413794,24.137932,3.448276,8.620689,8.620689,13.793103,24.137932,3.448276,13.793103,12.068966,20.689655,24.137932,12.068966,15.517241,31.034483,13.793103,12.068966,22.413794,10.344828,18.965517,10.344828,8.620689,8.620689,6.896552,31.034483,27.586206,1.724138,8.620689,6.896552,10.344828,15.517241,32.758621,13.793103,18.965517,6.896552,10.344828,31.034483,6.896552,18.965517,5.172414,17.241379,20.689655,13.793103,32.758621,12.068966,17.241379,8.620689,8.620689,0.0,8.620689,6.896552,44.827587,5.172414,32.758621,24.137932,8.620689,27.586206,20.689655
34,ENST00000487102.5,302.233917,172.141922,310.118256,215.50592,91.98423,69.645203,72.273323,68.331146,49.934296,26.281208,56.504601,39.421814,72.273323,61.760841,106.438896,69.645203,88.042053,13.140604,74.901443,38.107754,32.851513,19.710907,21.024967,18.396847,21.024967,11.826544,21.024967,15.768725,19.710907,14.454665,22.339027,15.768725,30.223391,7.884363,22.339027,6.570302,14.454665,10.512484,15.768725,9.198423,9.198423,5.256242,7.884363,3.942181,10.512484,13.140604,24.967148,7.884363,11.826544,1.31406,14.454665,11.826544,21.024967,13.140604,18.396847,19.710907,15.768725,5.256242,22.339027,18.396847,32.851513,15.768725,31.537451,26.281208,27.59527,3.942181,26.281208,11.826544,23.653088,26.281208,17.082787,21.024967,3.942181,2.628121,5.256242,1.31406,9.198423,18.396847,27.59527,19.710907,18.396847,0.0,11.826544,7.884363
35,ENST00000541775.5,256.449158,270.675262,231.98027,240.895294,63.163883,94.461304,48.36874,50.265553,80.424889,86.684372,45.713203,57.852806,33.573597,75.493172,58.421852,64.491653,79.286797,13.846738,79.476479,68.285278,16.881639,26.555387,10.622155,9.104704,33.763279,29.96965,11.949924,18.778452,8.53566,14.2261,12.898331,12.70865,19.726858,3.793627,12.518969,14.2261,23.710167,27.693476,13.846738,15.174507,28.641882,25.037937,15.553869,17.450684,7.397572,16.691957,9.673748,11.949924,17.640364,3.414264,20.675266,16.122913,7.776935,10.811836,8.345979,6.638847,14.415781,27.693476,14.605463,18.778452,8.53566,14.605463,19.157814,16.122913,19.537178,3.414264,21.623672,19.91654,14.795144,29.400606,15.553869,19.347496,3.414264,3.983308,3.603945,2.84522,9.104704,29.96965,16.691957,23.710167,22.382397,3.224583,24.658573,18.019728
36,ENST00000409898.2,298.214294,239.285721,237.5,225.0,101.785713,83.928574,57.142857,55.357143,75.0,62.5,46.42857,53.57143,39.285713,80.35714,58.92857,58.92857,82.14286,12.5,75.0,55.357143,32.142857,28.571428,21.428572,19.642857,25.0,16.071428,17.857143,23.214285,8.928572,21.428572,12.5,14.285714,23.214285,1.785714,19.642857,10.714286,25.0,16.071428,17.857143,16.071428,23.214285,16.071428,12.5,10.714286,10.714286,19.642857,7.142857,8.928572,19.642857,3.571429,14.285714,16.071428,16.071428,5.357143,8.928572,8.928572,23.214285,28.571428,10.714286,17.857143,7.142857,14.285714,17.857143,19.642857,17.857143,3.571429,19.642857,17.857143,28.571428,33.92857,8.928572,10.714286,3.571429,1.785714,5.357143,1.785714,12.5,25.0,21.428572,16.071428,21.428572,3.571429,19.642857,10.714286
37,ENST00000577661.1,230.283905,260.25238,187.697159,321.766571,77.287064,63.091484,36.277603,52.050472,55.205048,85.1735,29.968454,89.905365,23.659306,48.895901,45.741325,69.400627,74.132492,61.514194,75.709778,110.410095,33.123028,22.08202,9.463722,11.04101,14.195583,23.659306,3.154574,22.08202,4.731861,11.04101,11.04101,9.463722,14.195583,4.731861,15.772871,17.350157,15.772871,15.772871,12.618297,11.04101,20.504732,31.545742,12.618297,20.504732,3.154574,7.886436,7.886436,11.04101,18.927444,22.08202,12.618297,36.277603,9.463722,4.731861,4.731861,4.731861,11.04101,14.195583,6.309148,17.350157,6.309148,9.463722,14.195583,15.772871,12.618297,4.731861,23.659306,28.391167,18.927444,20.504732,9.463722,25.236593,9.463722,15.772871,7.886436,28.391167,9.463722,20.504732,12.618297,33.123028,28.391167,29.968454,23.659306,28.391167
38,ENST00000547799.5,220.066681,287.966064,212.488632,279.478638,47.590179,89.724159,38.193394,44.255836,61.533798,103.364655,44.558956,78.508636,32.434071,76.083664,44.86208,59.108822,78.508636,18.793573,84.571083,97.605331,14.549864,15.45923,9.699909,7.881176,17.277964,32.434071,13.034253,26.977873,7.881176,12.731131,8.184299,9.396787,14.246741,3.637466,14.246741,12.124887,14.246741,26.977873,9.093665,10.912397,23.037285,36.37466,17.277964,26.674749,7.274932,20.309185,7.578054,9.396787,21.824795,6.062443,22.43104,28.190361,7.274932,8.790543,8.790543,7.578054,18.793573,27.280994,11.518642,18.490452,6.062443,15.156108,10.912397,12.731131,14.549864,2.424977,18.490452,23.643528,11.518642,38.496513,10.609276,17.884207,2.424977,7.274932,2.728099,6.365565,11.21552,27.887239,17.884207,27.584116,27.887239,6.668687,29.402849,33.646561
39,ENST00000458228.5,274.587646,201.282837,313.378143,210.751373,88.882103,65.363472,71.472206,48.564445,54.062309,48.564445,54.062309,44.593769,62.61454,76.053757,111.789856,62.919975,69.028709,10.995724,76.053757,54.673183,35.125229,18.326206,19.547953,15.577275,17.409897,15.577275,18.631643,13.744655,16.493586,15.577275,26.573,12.828344,20.769701,0.91631,18.020769,8.857666,15.577275,17.10446,14.050092,7.330482,13.744655,11.912034,10.690287,12.217471,12.522908,14.966402,15.271839,11.301161,11.606598,3.054368,15.882712,14.050092,17.409897,13.744655,19.242517,12.217471,21.075138,17.409897,22.602322,14.966402,19.85339,24.129505,47.037262,20.769701,20.158827,3.665241,22.602322,16.493586,20.769701,16.188148,18.631643,13.439219,1.832621,3.665241,2.138057,3.359805,13.744655,21.380573,22.907759,18.020769,16.493586,3.359805,19.547953,15.271839
