,A,MReCA: Molar refractivity composition of A,MReCB: Molar refractivity composition of B,MReAB: Molar refractivity transition between A and B,MReA0: Molar refractivity distribution of 0.00A,MReA1: Molar refractivity distribution of 0.25A,MReA2: Molar refractivity distribution of 0.50A,MReA3: Molar refractivity distribution of 0.75A,MReA4: Molar refractivity distribution of 1.00A,MReB0: Molar refractivity distribution of 0.00B,MReB1: Molar refractivity distribution of 0.25B,MReB2: Molar refractivity distribution of 0.50B,MReB3: Molar refractivity distribution of 0.75B,MReB4: Molar refractivity distribution of 1.00B,MRe: Molar refractivity0,MRe: Molar refractivity1,MRe: Molar refractivity00,MRe: Molar refractivity01,MRe: Molar refractivity10,MRe: Molar refractivity11,MRe: Molar refractivity000,MRe: Molar refractivity001,MRe: Molar refractivity010,MRe: Molar refractivity011,MRe: Molar refractivity100,MRe: Molar refractivity101,MRe: Molar refractivity110,MRe: Molar refractivity111
0,ENST00000453875.5,0.596085,0.403915,0.40107,0.001779,0.281139,0.532028,0.758007,0.994662,0.007117,0.176157,0.476868,0.69573,1.0,596.085388,403.914581,395.017792,201.067612,199.288254,202.84697,265.124542,129.893234,108.540924,92.526688,128.113876,71.174377,90.74733,110.320282
1,ENST00000504748.1,0.470588,0.529412,0.490494,0.001898,0.204934,0.466793,0.726755,1.0,0.005693,0.271347,0.527514,0.770398,0.998102,470.588226,529.411743,223.90892,244.781784,244.781784,284.629974,104.364326,119.544594,104.364326,140.41745,117.647057,125.23719,140.41745,144.212524
2,ENST00000599755.5,0.484412,0.515588,0.466346,0.002398,0.247002,0.527578,0.757794,1.0,0.004796,0.251799,0.479616,0.738609,0.990408,484.412476,515.587524,249.400482,232.613907,232.613907,282.973633,124.700241,122.302155,98.321342,134.292572,124.700241,107.913666,134.292572,148.681061
3,ENST00000454129.5,0.479585,0.520415,0.431408,0.000226,0.242048,0.494473,0.74374,1.0,0.000451,0.257613,0.507331,0.756824,0.999098,479.58493,520.415039,263.704041,215.655319,215.655319,304.759766,152.943832,110.53463,95.871872,119.78344,110.760208,104.895103,119.78344,184.976318
4,ENST00000436656.5,0.532847,0.467153,0.4324,0.008516,0.229927,0.489051,0.722628,1.0,0.001217,0.27129,0.514599,0.778589,0.998783,532.846741,467.15329,316.301697,215.328461,216.545013,250.608276,178.832123,137.469589,100.973236,114.355232,137.469589,77.858879,115.571777,135.036499
5,ENST00000511893.1,0.504886,0.495114,0.463295,0.001629,0.239414,0.5,0.778502,1.0,0.008143,0.258958,0.496743,0.718241,0.990228,504.885986,495.114014,271.986969,231.270355,231.270355,263.843658,146.579803,123.778503,114.006516,117.263847,123.778503,107.491859,117.263847,146.579803
6,ENST00000414894.1,0.473973,0.526027,0.379121,0.00274,0.293151,0.536986,0.789041,1.0,0.005479,0.210959,0.471233,0.728767,0.983562,473.972595,526.027405,282.191772,189.041092,189.041092,336.986298,169.863007,109.589043,65.753426,123.287674,112.328766,76.712326,123.287674,213.698624
7,ENST00000602587.5,0.433962,0.566038,0.402062,0.005146,0.216123,0.423671,0.64837,0.998285,0.001715,0.291595,0.581475,0.802744,1.0,433.96225,566.03772,233.276154,200.686111,200.686111,363.636353,144.082336,89.193825,80.617493,118.353348,89.193825,111.492279,120.068611,243.567749
8,ENST00000584485.1,0.463007,0.536993,0.445639,0.00358,0.187351,0.48568,0.764916,1.0,0.001193,0.281623,0.51074,0.735084,0.998807,463.007172,536.992859,239.856796,221.957047,223.15036,313.842468,131.264923,108.591888,110.978523,110.978523,108.591888,113.365158,112.171837,201.670639
9,ENST00000444126.5,0.479913,0.520087,0.43093,0.000217,0.248208,0.494245,0.747231,1.0,0.000651,0.251249,0.507058,0.755917,0.999131,479.913147,520.086853,264.277954,215.41803,215.41803,304.668823,153.528778,110.532028,95.548317,119.869705,110.532028,104.885994,119.869705,184.799133
10,ENST00000628924.1,0.529453,0.470547,0.44813,0.001411,0.208466,0.481129,0.748501,0.999295,0.000353,0.288183,0.525926,0.750265,1.0,529.453247,470.546722,305.467377,223.985886,223.985886,246.208115,179.89418,125.573189,106.878304,117.107582,125.573189,98.412697,117.107582,128.747803
11,ENST00000563777.1,0.499367,0.500633,0.418987,0.000253,0.233612,0.513794,0.777272,0.998988,0.000759,0.26778,0.491268,0.718805,1.0,499.367249,500.632751,289.800049,209.5672,209.314102,291.065552,170.336624,119.463425,91.622375,117.944824,119.210327,90.103767,117.691727,173.120728
12,ENST00000508266.1,0.49195,0.50805,0.379928,0.001789,0.286225,0.516995,0.697674,1.0,0.005367,0.214669,0.486583,0.792487,0.996422,491.949921,508.050079,300.536682,189.624329,189.624329,318.425751,189.624329,109.123436,82.289803,107.334526,109.123436,80.500893,107.334526,211.091232
13,ENST00000517774.1,0.456914,0.543086,0.403614,0.002004,0.192385,0.527054,0.743487,0.991984,0.01002,0.276553,0.482966,0.759519,1.0,456.913818,543.086182,254.509018,202.404816,200.400803,340.681366,140.280563,114.228455,82.16433,120.240479,112.224449,88.176353,118.236473,220.440887
14,ENST00000454129.5,0.479585,0.520415,0.431408,0.000226,0.242048,0.494473,0.74374,1.0,0.000451,0.257613,0.507331,0.756824,0.999098,479.58493,520.415039,263.704041,215.655319,215.655319,304.759766,152.943832,110.53463,95.871872,119.78344,110.760208,104.895103,119.78344,184.976318
15,ENST00000602498.1,0.434251,0.565749,0.407975,0.012232,0.250765,0.489297,0.764526,1.0,0.003058,0.247706,0.498471,0.727829,0.996942,434.250763,565.749207,229.357803,201.834869,204.89296,360.856262,137.614685,91.743118,76.452599,125.382263,91.743118,110.091743,128.440369,232.415909
16,ENST00000476405.1,0.495148,0.504852,0.426161,0.001617,0.243299,0.47597,0.745841,0.999769,0.000231,0.264325,0.518253,0.751386,1.0,495.147888,504.852112,282.116455,213.031418,213.031418,291.589661,168.43808,113.678375,96.34935,116.451019,113.678375,99.35305,116.682068,174.907578
17,ENST00000411861.5,0.513834,0.486166,0.438418,0.000565,0.210615,0.42236,0.679277,1.0,0.001129,0.3083,0.584416,0.787691,0.998871,513.833984,486.166016,294.184082,219.085266,219.085266,267.08075,168.26651,125.352905,107.848671,111.236588,125.917564,93.167702,111.236588,155.844162
18,ENST00000560706.5,0.520085,0.479915,0.404661,0.002114,0.219873,0.433404,0.699789,0.997886,0.008457,0.323467,0.570825,0.790698,1.0,520.084595,479.915436,317.124725,202.959824,200.845673,276.955597,207.188156,109.936577,84.566597,116.279068,107.822411,93.023254,116.279068,160.676529
19,ENST00000449589.5,0.536517,0.463483,0.441632,0.009831,0.241573,0.495787,0.748596,0.997191,0.001404,0.258427,0.501404,0.752809,1.0,536.516846,463.483154,316.01123,220.505615,220.505615,241.573029,182.584274,133.426971,108.146065,112.35955,133.426971,87.078651,112.35955,127.80899
20,ENST00000451786.5,0.510984,0.489016,0.434075,0.000285,0.252782,0.505563,0.728673,0.999429,0.000856,0.247076,0.497004,0.768902,1.0,510.984314,489.015686,293.865906,217.118408,216.833099,271.897278,173.181168,120.684738,100.713264,116.405136,120.399429,96.433662,116.119827,155.492157
21,ENST00000499180.2,0.557457,0.442543,0.382353,0.002445,0.254279,0.469438,0.745721,1.0,0.00489,0.229829,0.530562,0.757946,0.992665,557.457214,442.542786,364.303192,190.709045,190.709045,251.83374,244.498779,117.359413,92.909538,97.799515,119.804398,70.904648,97.799515,154.034225
22,ENST00000515108.1,0.52818,0.47182,0.442615,0.000499,0.236908,0.475312,0.726683,0.999002,0.000998,0.270823,0.537157,0.775062,1.0,528.179565,471.820435,306.733154,221.446381,220.947632,250.374069,181.546127,125.187035,104.738152,116.708229,125.187035,95.760597,116.209473,133.665833
23,ENST00000508913.5,0.516659,0.483341,0.436797,0.000433,0.229338,0.460407,0.740372,0.999135,0.000865,0.280398,0.549978,0.768498,1.0,516.659485,483.340546,298.139343,218.520126,218.087402,264.820435,174.816101,123.323235,100.822151,117.697968,123.323235,94.764168,117.265251,147.122452
24,ENST00000426529.6,0.52231,0.47769,0.429705,0.000992,0.245414,0.508676,0.742687,1.0,0.000248,0.256073,0.492563,0.758057,0.999256,522.310364,477.689636,307.387207,214.675262,214.923157,262.766479,190.629654,116.509666,103.371346,111.303917,116.757561,98.165596,111.551811,151.214676
25,ENST00000382215.3,0.540748,0.459252,0.386091,0.000479,0.281879,0.523011,0.737776,0.998082,0.002876,0.214765,0.472196,0.756951,1.0,540.747864,459.252167,347.555115,193.192719,192.713333,266.059448,235.378708,112.176414,82.933846,110.258865,111.697029,81.016296,109.77948,155.800583
26,ENST00000501008.2,0.556902,0.443098,0.414866,0.002107,0.24078,0.516333,0.760801,1.0,0.000527,0.261855,0.477345,0.726554,0.999473,556.901978,443.097992,349.315063,207.060059,207.586929,235.511063,228.661743,120.65332,104.847206,102.212852,120.65332,86.406746,102.739723,132.771332
27,ENST00000438608.5,0.525714,0.474286,0.429389,0.00381,0.226667,0.487619,0.737143,1.0,0.001905,0.274286,0.504762,0.76381,0.998095,525.714294,474.285706,310.476196,213.333328,215.238098,259.047607,184.761902,125.714287,95.238098,118.095238,125.714287,87.619049,118.095238,140.952377
28,ENST00000398461.5,0.455098,0.544902,0.400464,0.000579,0.243917,0.484936,0.733198,0.99971,0.00029,0.264195,0.514195,0.756952,1.0,455.09848,544.901489,254.924683,200.173813,200.173813,344.438019,140.49826,114.426422,75.898033,123.986092,114.426422,85.747391,123.986092,220.45192
29,ENST00000590274.1,0.45977,0.54023,0.401316,0.001642,0.220033,0.45977,0.704433,1.0,0.003284,0.297209,0.525452,0.789819,0.998358,459.770111,540.229858,257.799683,200.3284,200.3284,339.901489,146.14122,111.658455,77.175697,123.15271,111.658455,87.027916,123.15271,216.748764
30,ENST00000413421.5,0.55569,0.44431,0.437576,0.001211,0.25908,0.496368,0.760291,0.998789,0.007264,0.233656,0.509685,0.737288,1.0,555.690063,444.309937,336.561737,219.128326,217.917679,225.181595,213.075058,123.486679,123.486679,94.430992,122.276031,95.641647,94.430992,130.75061
31,ENST00000517675.1,0.5024,0.4976,0.417642,0.0003,0.224955,0.472106,0.74835,1.0,0.0009,0.285843,0.526395,0.75105,0.9994,502.399506,497.600494,293.341339,208.758255,208.758255,288.842224,185.062988,107.978401,99.280144,109.478104,107.978401,100.779846,109.478104,179.36412
32,ENST00000602618.1,0.469083,0.530917,0.412393,0.012793,0.279318,0.547974,0.752665,1.0,0.002132,0.215352,0.45629,0.748401,0.997868,469.08316,530.91687,262.260132,204.690826,206.823029,324.093811,142.857147,119.402985,93.816628,110.874199,119.402985,85.287849,113.006393,211.087418
33,ENST00000577163.1,0.5,0.5,0.423143,0.003448,0.193103,0.453448,0.672414,1.0,0.001724,0.310345,0.548276,0.803448,0.998276,500.0,500.0,287.93103,210.344833,212.06897,287.93103,165.517242,122.413795,84.482758,125.862068,122.413795,87.931038,125.862068,162.06897
34,ENST00000487102.5,0.474376,0.525624,0.472368,0.001314,0.231275,0.47569,0.738502,0.998686,0.010512,0.268068,0.51117,0.767411,1.0,474.375824,525.624207,237.84494,236.530884,235.216827,289.093292,124.835739,113.009201,109.067017,126.149803,111.695137,123.521683,126.149803,162.943497
35,ENST00000541775.5,0.527124,0.472876,0.404477,0.00019,0.245068,0.507208,0.753794,1.0,0.000759,0.25607,0.492982,0.745258,0.99981,527.124451,472.87558,324.734436,202.200302,202.200302,270.675262,212.253418,112.481033,91.426407,110.773903,112.291351,89.719269,110.773903,159.901367
36,ENST00000409898.2,0.5375,0.4625,0.427549,0.0125,0.267857,0.516071,0.7375,1.0,0.001786,0.225,0.460714,0.757143,0.994643,537.5,462.5,323.214294,212.5,214.285721,248.214279,182.142853,139.285721,108.928574,103.571426,141.071426,73.214287,105.35714,142.857147
37,ENST00000577661.1,0.490536,0.509464,0.417062,0.001577,0.312303,0.561514,0.77918,1.0,0.003155,0.227129,0.429022,0.679811,0.992114,490.536285,509.463715,280.757111,208.201889,208.201889,301.261841,176.656158,102.523659,86.750786,121.451103,104.100945,104.100945,121.451103,179.81073
38,ENST00000547799.5,0.508033,0.491967,0.411461,0.001212,0.279782,0.499545,0.752955,1.0,0.000303,0.225523,0.500758,0.748105,0.999394,508.032745,491.967255,302.212799,205.51683,205.819946,286.147308,180.357681,121.551987,93.967873,111.548958,121.85511,83.964836,111.852074,174.295242
39,ENST00000458228.5,0.47587,0.52413,0.437519,0.000305,0.246487,0.545205,0.778253,1.0,0.000611,0.252902,0.471289,0.71686,0.990531,475.870483,524.129517,256.872314,218.692734,218.692734,305.436768,144.777039,111.789856,95.90715,122.785583,112.095299,106.597435,122.785583,182.651184
