,SDMFE: Secondary structural minimum free energy,SFPUS: Secondary structural UP frequency paired-unpaired,SLDLD: Structural logarithm distance to lncRNA of acguD,SLDPD: Structural logarithm distance to pcRNA of acguD,SLDRD: Structural logarithm distance acguD ratio,SLDLN: Structural logarithm distance to lncRNAC of acguACGU,SLDPN: Structural logarithm distance to pcRNA of acguACGU,SLDRN: Structural logarithm distance acguACGU ratio
ENST00000453875.5,-0.500899170250068,-0.5290045046805739,0.9468712757985367,-0.2892247406209223,-0.30299144915746673,0.9545640361309675,-164.6,0.11586452762923351
ENST00000504748.1,-0.402157307431235,-0.44393686228433926,0.9058885206375481,-0.3215306850416072,-0.341240749643215,0.9422400032170376,-233.4,0.12357414448669202
ENST00000599755.5,-0.6202377407349056,-0.6236375347706272,0.9945484454572284,-0.4064571205580237,-0.3966764013323728,1.0246566702551476,-90.9,0.11778846153846154
ENST00000454129.5,-0.021217814000160495,-0.024813446460638447,0.8550933879265139,-0.025700933443132203,-0.026091953613258046,0.9850137641695348,-1310.6,0.10582129963898917
ENST00000436656.5,-0.12886952211087196,-0.12704111524674985,1.0143922450662592,-0.15403151418664143,-0.14689822897268823,1.048559368372504,-235.5,0.1278928136419001
ENST00000511893.1,-0.28176425250353754,-0.2892401288154517,0.9741533917076766,-0.25187899629333177,-0.24814945236941754,1.015029426373112,-168.1,0.10766721044045677
ENST00000414894.1,-0.6218697939105592,-0.6228942352814375,0.9983553526219175,-0.4925403325136352,-0.4824668223294549,1.0208791770085728,-100.7,0.14560439560439561
ENST00000602587.5,-0.3619112393160891,-0.3560070297284624,1.01658453090696,-0.28668905754153545,-0.27259389238127385,1.0517075604193906,-152.4,0.10996563573883161
ENST00000584485.1,-0.21053804805045784,-0.2100561052928578,1.0022943525346628,-0.20994935597250552,-0.20161961595231606,1.0413141349409152,-181.7,0.0967741935483871
ENST00000444126.5,-0.01598080076764151,-0.01948574101447036,0.8201279466751592,-0.02415046302927411,-0.024624829812907804,0.9807362411339371,-1378.3,0.11099044309296265
ENST00000628924.1,-0.0315941313460209,-0.03268172735234798,0.966721587430141,-0.04317628339688329,-0.0418062898643827,1.0327700338141648,-704.52,0.11009174311926606
ENST00000563777.1,-0.015192379787268914,-0.023266531916279774,0.652971394358894,-0.023210562068763582,-0.025244595402695625,0.9194269782705708,-1537.3,0.10860759493670886
ENST00000508266.1,-0.31650051109364125,-0.3314623957595571,0.9548609891881394,-0.28826076126242667,-0.29015159888869,0.9934832769024694,-185.5,0.11290322580645161
ENST00000517774.1,-0.5098250241527957,-0.5634170551648472,0.9048803536904447,-0.38173930945421847,-0.4063657023763719,0.9393984463301367,-247.8,0.11646586345381527
ENST00000454129.5.1,-0.021217814000160495,-0.024813446460638447,0.8550933879265139,-0.025700933443132203,-0.026091953613258046,0.9850137641695348,-1310.6,0.10582129963898917
ENST00000602498.1,-0.9304669929014184,-0.9326959865948068,0.9976101605180845,-0.682804633451162,-0.670147791248026,1.0188866431680168,-98.6,0.10429447852760736
ENST00000476405.1,-0.018985176638893132,-0.025850181573240004,0.734431074888329,-0.019330378772226955,-0.021545203468519708,0.8972010313326167,-1714.7,0.11624682227871505
ENST00000411861.5,-0.08832031805898079,-0.10741297972605972,0.822249957912239,-0.07865383246420785,-0.08449180323283709,0.9309048860924256,-780.2,0.11299435028248588
ENST00000560706.5,-0.4148084253190524,-0.44778810994223683,0.9263497982841958,-0.27163020311314356,-0.2809021590858027,0.9669922224776244,-162.0,0.13135593220338984
ENST00000449589.5,-0.2187616608898559,-0.21628995671725665,1.0114277343715519,-0.20588149020178387,-0.19740068304964786,1.0429624002364926,-207.4,0.11954992967651196
ENST00000383038.7,-0.09812815220732825,-0.10695662106957281,0.9174574816036696,-0.09003428067023443,-0.08950347160130202,1.0059305975448296,-450.2,0.11629576453697056
ENST00000508968.1,-0.3648392058663556,-0.40450397241245223,0.9019422076140887,-0.28324291493867465,-0.29846792661183075,0.948989454759885,-261.6,0.11433447098976109
ENST00000563750.1,-0.1489159935149239,-0.16272138842807254,0.9151593097470957,-0.17402889750901004,-0.17172306561753692,1.0134276189583564,-236.5,0.12217795484727756
ENST00000550118.2,-0.4809394303656289,-0.47784668775369277,1.0064722487174178,-0.34346721734508895,-0.3298972126865697,1.04113403853282,-150.5,0.08881578947368421
ENST00000623598.1,-0.05298992977438402,-0.051615169911139056,1.0266348026289898,-0.06471936895490858,-0.06154019551102413,1.051660112833326,-460.4,0.11064718162839249
ENST00000589830.1,-0.8066044078130067,-0.8124382106451087,0.9928193889016252,-0.7366967290650616,-0.723369797448685,1.0184234006774688,-78.0,0.1258741258741259
ENST00000570210.1,-0.2056462060963277,-0.19932718928980553,1.0317017303511706,-0.19994823731151717,-0.18671366819198676,1.0708816298650514,-183.6,0.11461318051575932
ENST00000519694.1,-0.7655832223855866,-0.7928306199050013,0.9656327633729894,-0.5188773898500144,-0.5341631461206983,0.9713837310160857,-118.6,0.11363636363636363
ENST00000452197.5,-0.5612350336626366,-0.5641168249904523,0.9948914990651724,-0.4037434511809699,-0.3939805082489001,1.0247802688906174,-143.4,0.11618257261410789
ENST00000591956.1,-0.28893076743711404,-0.3098628454972159,0.9324472799360196,-0.2637425765205923,-0.26313554832073205,1.002306903053328,-166.0,0.11891891891891893
ENST00000422008.5,-0.42583856720908186,-0.41758400363149994,1.0197674324346635,-0.33498525129401663,-0.3209079545651083,1.0438670856507306,-126.0,0.11895161290322581
ENST00000502041.2,-0.02815906701823777,-0.03702555028992044,0.760530682130161,-0.051898684714836475,-0.05303320283767024,0.9786073994756376,-648.0,0.10880077369439071
ENST00000438705.3,-0.3654744945140338,-0.38654816495206756,0.9454824201774521,-0.34932293515898083,-0.3538181215658666,0.9872952058334611,-200.5,0.12401574803149606
ENST00000573950.5,-0.5121566312469314,-0.5163071462369513,0.9919611513800062,-0.3625232031828556,-0.35720529958386527,1.014887527159271,-129.8,0.10805500982318271
ENST00000585625.5,-0.1208259945135243,-0.1275498239752198,0.9472846825488227,-0.12675663079821592,-0.12823288343575978,0.9884877217294781,-272.0,0.11016949152542373
ENST00000413768.5,-0.05148478660034504,-0.05414986577581477,0.9507832727323204,-0.0662527342959238,-0.06475468660268041,1.023134197257954,-630.2,0.1099476439790576
ENST00000416999.1,-0.7428381786327555,-0.7456204926351243,0.9962684582440381,-0.47566846614711283,-0.467111063899238,1.018319844913202,-104.2,0.11658031088082901
ENST00000588150.5,-0.38096714886162697,-0.3820831375544873,0.9970791993072419,-0.35101681271518054,-0.3395756374247886,1.0336925681039943,-128.2,0.11788617886178862
ENST00000593427.1,-0.013187673527214502,-0.014680668953612166,0.8983019485613893,-0.031738401828256955,-0.03156764581380626,1.005409209652752,-1234.9,0.10829222457129434
ENST00000414894.1.1,-0.6218697939105592,-0.6228942352814375,0.9983553526219175,-0.4925403325136352,-0.4824668223294549,1.0208791770085728,-100.7,0.14560439560439561
ENST00000501964.1,-0.028996531491386167,-0.03351078676193457,0.8652894871547385,-0.033782417987968945,-0.034497302019597505,0.9792771031420822,-871.7,0.11455108359133127
ENST00000456746.5,-0.012035906655857883,-0.015107688432999637,0.7966742701396939,-0.02100560660929324,-0.021072626449273227,0.9968195782266952,-1488.6,0.10921103769918383
ENST00000602516.1,-0.036057249466961504,-0.03840818165990802,0.9387908489455904,-0.045172894338507255,-0.04511232113289859,1.00134271977339,-921.74,0.10938040844582901
ENST00000592347.5,-0.03126972225862423,-0.037747038286400705,0.828402006572524,-0.030500495717372834,-0.03199201991787492,0.9533782423138364,-1040.0,0.11568123393316196
ENST00000521708.1,-0.3565343907857611,-0.35710701230878805,0.9983964987992681,-0.268743466612425,-0.2632850161833932,1.0207320967526299,-151.8,0.1332116788321168
ENST00000508878.5,-0.14589195158916482,-0.15688437274756717,0.9299329756948478,-0.14263280521140545,-0.14043252392630814,1.0156678896282738,-274.2,0.10341261633919338
ENST00000590932.5,-0.2831248300170349,-0.28612231934569854,0.9895237486697359,-0.26257837702622633,-0.253756241022682,1.0347661833576567,-162.9,0.09571428571428571
ENST00000433061.1,-0.37853392817001896,-0.3977869861410334,0.9515995780611375,-0.3300090451285786,-0.3342004099486262,0.9874585287890822,-162.7,0.13257575757575757
ENST00000439725.5,-0.06922679989389086,-0.08681183619194265,0.7974350380151972,-0.06684152895734129,-0.07213442267350557,0.92662457783684,-885.9,0.12344398340248963
ENST00000500733.6,-0.008045337007333071,-0.015229597505850428,0.5282698380073713,-0.019633361028729406,-0.021528603514054667,0.911966306403108,-1130.3,0.10915307732772225
ENST00000562298.1,-0.26770750181962605,-0.29246497171300434,0.9153489399145113,-0.19620506049438882,-0.20530993038276255,0.955653046730865,-317.6,0.11505376344086021
ENST00000561961.2,-0.04030046225314747,-0.038726925984734706,1.0406315819911196,-0.05996927560948564,-0.057248712045904065,1.0475218300352351,-505.9,0.11194779116465864
ENST00000560248.1,-0.5394621342114055,-0.5583761038255614,0.9661268283428107,-0.4283376435605352,-0.4268732357519679,1.0034305449157235,-122.59,0.09395973154362416
ENST00000623598.1.1,-0.05298992977438402,-0.051615169911139056,1.0266348026289898,-0.06471936895490858,-0.06154019551102413,1.051660112833326,-460.4,0.11064718162839249
ENST00000549388.1,-0.37017646826219736,-0.3797840376817532,0.9747025454829499,-0.26987916210178686,-0.26830834064157516,1.0058545383138504,-134.6,0.11174242424242424
ENST00000505877.5,-0.11513533664087339,-0.11796671669896357,0.9759984838323889,-0.10545750883182835,-0.102751996361637,1.0263305100240512,-298.9,0.10318664643399089
ENST00000540865.5,-0.2555325263379443,-0.2527981897700712,1.010816282230344,-0.22151380428116685,-0.21352605931132287,1.037408759359895,-229.9,0.10217113665389528
ENST00000578968.5,-0.08737645416537922,-0.11629820570149678,0.7513138628264724,-0.10690399193662321,-0.1133626281875124,0.943026759751847,-380.2,0.127420998980632
ENST00000435523.5,-0.4163416431212552,-0.4243440041235962,0.981141807296492,-0.30793882240085535,-0.30820414846506666,0.9991391223462348,-162.4,0.12318840579710146
ENST00000478824.1,-0.13348226189185503,-0.13752567166680849,0.9705988727344691,-0.10946181798184482,-0.10706200517945044,1.0224151677186688,-366.3,0.10383275261324042
ENST00000449289.5,-0.32146292238187196,-0.32004866848439745,1.0044188713678197,-0.24837155796897928,-0.23825825109853252,1.042446827439627,-162.1,0.133086876155268
ENST00000452057.1,-0.0273153085068859,-0.027351177370656305,0.9986885806309426,-0.05334500178089717,-0.04984557621518816,1.0702053387968002,-556.4,0.11601455868971793
ENST00000602546.5,-0.17114589529094704,-0.18809331046275996,0.9098988947022213,-0.14417419748131544,-0.15025189394403052,0.9595499510643171,-232.8,0.11826544021024968
ENST00000627197.1,-0.3402191558319012,-0.3463652732030862,0.9822553880348701,-0.2760249106825742,-0.27289591486858766,1.011465894663514,-150.4,0.11245674740484429
ENST00000417942.5,-0.20804080811750353,-0.20263005201649167,1.026702633924071,-0.23453700885403944,-0.22241510232967351,1.0545012744071591,-173.3,0.11479944674965421
ENST00000430166.5,-0.13742484010051023,-0.1611381389829235,0.8528386946002505,-0.11036898709006872,-0.11876665451206575,0.9292927172488141,-513.0,0.12256973795435334
ENST00000526795.1,-0.2382783461436445,-0.2495566714472476,0.9548065566101799,-0.24404759449231264,-0.25082738505676816,0.9729702936426934,-156.1,0.12190812720848057
ENST00000593427.1.1,-0.013187673527214502,-0.014680668953612166,0.8983019485613893,-0.031738401828256955,-0.03156764581380626,1.005409209652752,-1234.9,0.10829222457129434
ENST00000436126.5,-0.1646291077603221,-0.17418444386898255,0.9451424254863555,-0.15430208254019293,-0.1501718312199504,1.0275035023991492,-256.2,0.11758474576271187
ENST00000593427.1.2,-0.013187673527214502,-0.014680668953612166,0.8983019485613893,-0.031738401828256955,-0.03156764581380626,1.005409209652752,-1234.9,0.10829222457129434
ENST00000480904.2,-0.3154115816057322,-0.3174334609950184,0.9936305410811183,-0.2929745901637376,-0.290695427150869,1.0078403813751282,-144.1,0.1443089430894309
ENST00000558945.5,-0.07906397295537139,-0.09457746995075475,0.8359704800365136,-0.07366991116344346,-0.07518010863986699,0.9799122732894976,-425.7,0.111198738170347
ENST00000514291.1,-0.27718761964841837,-0.27647699391426034,1.0025702888478973,-0.2493292915209257,-0.24247617391152784,1.0282630557008803,-172.2,0.11988304093567251
ENST00000604571.1,-0.321355156133691,-0.3330820363859143,0.9647928168703869,-0.27495345106328667,-0.26990490620230384,1.0187049021524595,-178.7,0.11774744027303755
ENST00000457636.5,-0.39180942421986215,-0.4048672667810124,0.9677478432253376,-0.31048396317421967,-0.3084103617478764,1.0067235141341926,-140.4,0.1182170542635659
ENST00000602698.5,-0.37343278467586233,-0.37368453768148435,0.9993262953635063,-0.2906784724395969,-0.28263067363019034,1.0284746121361785,-161.4,0.11888111888111888
ENST00000508590.1,-0.7728460218209345,-0.787473889221133,0.9814243143799136,-0.6159583565712998,-0.621981618895871,0.9903160123360824,-83.8,0.13402061855670103
ENST00000448136.5,-0.008231064556280457,-0.014772698470238921,0.557180840918317,-0.020609643132226397,-0.02176304865611359,0.9470016567020272,-1066.7,0.11758180809761509
ENST00000533146.5,-0.2799784332715798,-0.30310098036720695,0.9237133873086976,-0.1904941307514404,-0.19674600899451145,0.9682236083210946,-195.3,0.12133891213389121
ENST00000442860.5,-0.6806479394196305,-0.7028812107253449,0.9683683800812223,-0.5762147265413786,-0.573453970334266,1.0048142594696892,-120.4,0.12044817927170869
ENST00000458220.1,-0.4113119085665289,-0.3985584464237803,1.0319989759524204,-0.3241895131491745,-0.3074741660158262,1.0543634196977962,-123.7,0.11538461538461539
ENST00000593427.1.3,-0.013187673527214502,-0.014680668953612166,0.8983019485613893,-0.031738401828256955,-0.03156764581380626,1.005409209652752,-1234.9,0.10829222457129434
ENST00000434796.5,-0.2972360175915509,-0.2902184201463754,1.0241803998575834,-0.3008391354246406,-0.2877914258933183,1.0453373810245443,-144.5,0.11672473867595819
ENST00000442823.2,-0.2771066537839528,-0.31494496721600457,0.8798573802701842,-0.22113133570160273,-0.2303498946551746,0.9599801902780476,-204.4,0.12478336221837089
ENST00000478103.6,-0.23742953941672257,-0.25186274266138037,0.9426941710705394,-0.18852792941877508,-0.19274882647888408,0.9781015680499024,-249.4,0.1209563994374121
ENST00000546798.5,-0.33077188966170806,-0.34755580254139384,0.9517087248811309,-0.25719070368952685,-0.2589269852738286,0.9932943196999511,-167.2,0.1310344827586207
ENST00000450589.5,-0.21493076717666854,-0.2137438760788959,1.005552865979349,-0.19930752194634058,-0.19008231284550228,1.0485327065035055,-194.6,0.13629160063391443
ENST00000550644.1,-0.5513471706171394,-0.5512419166950717,1.0001909396199382,-0.3544275125106445,-0.34347531033389406,1.0318864321458907,-119.1,0.10720562390158173
ENST00000559368.5,-0.21489286247822062,-0.2383808519518453,0.9014686402816892,-0.18210430186714383,-0.18943030688208276,0.9613261196926675,-210.2,0.13260530421216848
ENST00000432296.1,-0.17638111219985003,-0.17626481112927844,1.00065980878331,-0.15462930173424,-0.14775252244897588,1.0465425508227035,-219.5,0.11410118406889128
ENST00000413961.5,-0.3923752392158609,-0.4075104006381373,0.9628594475169822,-0.36181003479885093,-0.3574692316160571,1.0121431519103612,-131.8,0.106
ENST00000424518.5,-0.029854508832061023,-0.0375449164598376,0.7951678055802006,-0.04042477691668515,-0.04246771154910991,0.951894402643705,-775.2,0.11239669421487604
ENST00000563750.1.1,-0.1489159935149239,-0.16272138842807254,0.9151593097470957,-0.17402889750901004,-0.17172306561753692,1.0134276189583564,-236.5,0.12217795484727756
ENST00000505877.5.1,-0.11513533664087339,-0.11796671669896357,0.9759984838323889,-0.10545750883182835,-0.102751996361637,1.0263305100240512,-298.9,0.10318664643399089
ENST00000509939.1,-0.3539931795016898,-0.35127881906876995,1.0077270825497409,-0.2580017309676838,-0.25298984399461005,1.0198106251774302,-182.9,0.09615384615384616
ENST00000444126.5.1,-0.01598080076764151,-0.01948574101447036,0.8201279466751592,-0.02415046302927411,-0.024624829812907804,0.9807362411339371,-1378.3,0.11099044309296265
ENST00000601395.1,-0.27921004861999743,-0.28555281393406357,0.9777877681305892,-0.23794073463364718,-0.2364220773983325,1.006423500089444,-178.7,0.11745513866231648
ENST00000458220.1.1,-0.4113119085665289,-0.3985584464237803,1.0319989759524204,-0.3241895131491745,-0.3074741660158262,1.0543634196977962,-123.7,0.11538461538461539
ENST00000455957.5,-0.890723669070364,-0.8717416991494537,1.0217747641754786,-0.6002931553513126,-0.5749626716808237,1.0440558751343607,-65.8,0.09742120343839542
ENST00000578572.1,-0.6054210688312212,-0.6143286366437415,0.9855003213570102,-0.4874208217883154,-0.4788805760996795,1.0178337692419963,-119.4,0.09684684684684684
ENST00000505537.1,-0.293840108375284,-0.29374622882117674,1.0003195940743954,-0.27425934145529574,-0.27075720624272226,1.012934596501317,-156.9,0.11475409836065574
ENST00000420503.1,-0.23650553001750882,-0.2603950892664803,0.9082564908721315,-0.18380200390979756,-0.1883245714360338,0.9759852498707405,-265.3,0.10909090909090909
ENST00000587743.1,0.003752288090754132,-0.004824097426447202,-0.7778217890424274,-0.038837179975236245,-0.04020648318335006,0.9659432235873627,-1074.6,0.1036036036036036
ENST00000577297.5,-0.31257463952161785,-0.32992594717099727,0.9474084781807525,-0.2143471536979082,-0.21535695107886085,0.995311052761966,-204.9,0.11482558139534883
ENST00000563205.1,-0.048116402868104424,-0.04729001622788497,1.0174748648052305,-0.06241272636239015,-0.05875292408076437,1.062291406579098,-503.2,0.11405295315682282
ENST00000416952.5,-0.17157195050267576,-0.1657930755039881,1.0348559490866591,-0.16551312408627436,-0.15835608825865732,1.045195836208879,-210.0,0.11779448621553884
ENST00000601263.1,-0.6379911225788139,-0.6646749576348198,0.9598543096147962,-0.462963199741701,-0.46660003328849103,0.9922056723374869,-138.5,0.11235955056179775
ENST00000417942.5.1,-0.20804080811750353,-0.20263005201649167,1.026702633924071,-0.23453700885403944,-0.22241510232967351,1.0545012744071591,-173.3,0.11479944674965421
ENST00000565959.1,-0.07330398159369723,-0.07922219742305156,0.925295989989388,-0.06751223572003998,-0.06720658665183758,1.0045479034634774,-484.5,0.10948905109489052
ENST00000400353.6,-0.04685001439886378,-0.051426722354118236,0.9110052566885403,-0.05435182182433986,-0.05381977148758856,1.0098857784424817,-680.2,0.10914313068453806
ENST00000422761.1,-0.1484650671532918,-0.16741339792572757,0.8868171185388511,-0.15293107428830735,-0.15582289150266002,0.9814416406571219,-385.4,0.10460992907801418
ENST00000425771.5,-1.4578067631392315,-1.4649576557075499,0.9951187035744972,-1.0437316154491805,-1.0280386732974427,1.0152649336638304,-71.4,0.11203319502074689
ENST00000476405.1.1,-0.018985176638893132,-0.025850181573240004,0.734431074888329,-0.019330378772226955,-0.021545203468519708,0.8972010313326167,-1714.7,0.11624682227871505
ENST00000420424.1,-0.062144040299618945,-0.0658730512704544,0.9433909482115033,-0.06319233889312725,-0.06164902482244247,1.025033876450272,-547.0,0.0997752808988764
ENST00000435880.6,-0.060824594992331046,-0.06643694693373915,0.9155236325503401,-0.03873326803261099,-0.04096827510007345,0.9454454193640569,-855.8,0.12327044025157233
ENST00000450713.1,-0.23320305642015038,-0.23062582937203358,1.0111749280431177,-0.23386710072590175,-0.22728844063641568,1.0289441032331674,-151.8,0.11920529801324503
ENST00000599728.5,-0.3125115663361005,-0.35278621629610346,0.8858383686787827,-0.23208515763363963,-0.24899948919855494,0.9320708182199215,-204.0,0.14516129032258066
ENST00000558945.5.1,-0.07906397295537139,-0.09457746995075475,0.8359704800365136,-0.07366991116344346,-0.07518010863986699,0.9799122732894976,-425.7,0.111198738170347
ENST00000546798.5.1,-0.33077188966170806,-0.34755580254139384,0.9517087248811309,-0.25719070368952685,-0.2589269852738286,0.9932943196999511,-167.2,0.1310344827586207
ENST00000543334.5,-0.0705087827484856,-0.08162187630088018,0.8638466296531983,-0.10639923796801518,-0.10641065756699905,0.9998926836912301,-393.1,0.10304449648711944
ENST00000561622.1,-0.10968963340337838,-0.10381333341450916,1.0566044822528349,-0.09887814244418448,-0.09116920714097239,1.0845563490674213,-306.5,0.09829867674858223
ENST00000331944.10,-0.30296857883462025,-0.32507214764856834,0.9320041136288182,-0.30182798494526325,-0.30305079624782894,0.9959649955792702,-159.3,0.1268939393939394
ENST00000528019.5,-0.409333104358911,-0.4076650982048193,1.004091608924671,-0.34243281082086285,-0.3351338885226918,1.02177912335379,-130.1,0.1350293542074364
ENST00000444470.5,-0.5864356712797765,-0.5837158996404187,1.0046594098962067,-0.43668087085845786,-0.4203047967712958,1.0389623773341634,-111.1,0.12056737588652482
ENST00000562983.1,-0.09929607472956624,-0.09612299793733035,1.0330105891443861,-0.127394256579743,-0.1197742348171609,1.0636198742927834,-313.8,0.1054783319705642
ENST00000522674.1,-0.07185567279586648,-0.09358467100259997,0.7678145579404793,-0.07819934246095406,-0.08563862183070348,0.9131317247905283,-636.1,0.11563307493540052
ENST00000400282.6,-0.10916840448322118,-0.12038273460011005,0.906844364732693,-0.12296611198827667,-0.12322094670552099,0.9979318880104587,-264.1,0.11935483870967742
ENST00000560248.1.1,-0.5394621342114055,-0.5583761038255614,0.9661268283428107,-0.4283376435605352,-0.4268732357519679,1.0034305449157235,-122.59,0.09395973154362416
ENST00000412740.6,-0.26655670972610096,-0.2865484821247602,0.9302324959098718,-0.2049170477558686,-0.2131721274731505,0.9612750512220617,-264.8,0.12324929971988796
ENST00000450203.5,-0.25023782106678766,-0.2583441244728682,0.9686220717323422,-0.22512364496116358,-0.22176120452075265,1.0151624376665769,-175.1,0.13321799307958476
ENST00000565959.1.1,-0.07330398159369723,-0.07922219742305156,0.925295989989388,-0.06751223572003998,-0.06720658665183758,1.0045479034634774,-484.5,0.10948905109489052
ENST00000451786.5,-0.007400244877257257,-0.013978539015850545,0.5294004522837452,-0.016749811651295337,-0.019179602818723874,0.8733137911981952,-1194.8,0.1172945205479452
ENST00000499180.2,-0.6229043876141868,-0.6164132499081845,1.0105304967194801,-0.46786588006445606,-0.45120808083359415,1.0369182200817129,-83.1,0.13725490196078433
ENST00000515108.1,-0.04206296699031848,-0.05996720752962496,0.701432811750298,-0.04555089271196065,-0.05066950147797245,0.8989804790513478,-716.9,0.11926147704590818
ENST00000508913.5,-0.020206590661516723,-0.03543740668059914,0.5702051181013534,-0.03064099649045654,-0.0346674784432496,0.8838542018744058,-827.4,0.12207792207792208
ENST00000426529.6,-0.014350153895652622,-0.018974506546110995,0.756286012538957,-0.02200098997866175,-0.023286765338293883,0.9447851455127715,-1212.9,0.11232333250681875
ENST00000382215.3,-0.04579150841447686,-0.055020331616478936,0.8322652203128854,-0.05718181369595498,-0.05974707255063452,0.9570646937972478,-766.7,0.12038369304556355
ENST00000501008.2,-0.025696190704137218,-0.043259942960091106,0.5939950204706211,-0.06257520719127321,-0.0674107767921131,0.9282671134950393,-660.9,0.11597258829731154
ENST00000438608.5,-0.40282734088421585,-0.42959120271050016,0.9376992320666296,-0.34672535455164366,-0.34986279385065994,0.9910323722494611,-174.2,0.1297709923664122
ENST00000398461.5,-0.034899289429171705,-0.04358179055141808,0.800776860877189,-0.03625175478660119,-0.03814065023430187,0.950475531064704,-1314.7,0.11648797450014489
ENST00000590274.1,-0.2529503516537276,-0.25261806940990744,1.0013153542206872,-0.24754825343185108,-0.24027620839145092,1.0302653562293307,-174.8,0.12664473684210525
ENST00000413421.5,-0.2128186845586814,-0.21334253202943765,0.9975445708562043,-0.15513593491729546,-0.1511004313484457,1.0267074258679227,-212.3,0.10787878787878788
ENST00000517675.1,-0.029275231930022134,-0.036372350251707014,0.8048760040918225,-0.030784917513147967,-0.032314764622202015,0.9526579528912007,-1178.7,0.10591059105910591
ENST00000602618.1,-0.559996879521185,-0.5764772981498751,0.9714118514613121,-0.49009251876467164,-0.48346677252760606,1.0137046568938453,-147.3,0.09829059829059829
ENST00000577163.1,-0.40057171524856816,-0.42762069316001666,0.9367453952904784,-0.33531993459140297,-0.34006420440053786,0.9860488997438056,-209.3,0.1001727115716753
ENST00000487102.5,-0.1805855337112197,-0.17108672445502987,1.055520434367113,-0.19959442620779952,-0.1881707252016261,1.060709236221165,-180.0,0.10657894736842105
ENST00000541775.5,-0.016799390944823814,-0.02161614848643479,0.7771685578199219,-0.01858283940719571,-0.01979255633885341,0.9388802077434037,-1919.7,0.11496869664200342
ENST00000409898.2,-0.31351102195468544,-0.32320494014870427,0.970006899679322,-0.26146456136016405,-0.257039532120751,1.017215364511846,-152.1,0.1252236135957066
ENST00000577661.1,-0.2913328924572405,-0.3332047136616036,0.874336047818077,-0.24546881229580986,-0.2575797087393202,0.9529819468203259,-222.1,0.12322274881516587
ENST00000547799.5,-0.04212173465430614,-0.04754150651260506,0.8859991561928746,-0.034100367180434986,-0.035526606097128925,0.9598543437334083,-1338.7,0.11552456033959976
ENST00000458228.5,-0.00373557627435904,-0.00829908413621505,0.45011909905310565,-0.028004979705471895,-0.028290603920558707,0.9899039194819291,-1016.4,0.11151848457073021
ENST00000476405.1.2,-0.018985176638893132,-0.025850181573240004,0.734431074888329,-0.019330378772226955,-0.021545203468519708,0.8972010313326167,-1714.7,0.11624682227871505
ENST00000511998.1,-0.1863081123031648,-0.22099060026014214,0.843058990218813,-0.16162186480161148,-0.17659156991986752,0.9152297863083221,-433.1,0.11790393013100436
ENST00000589716.5,-0.04607099474075745,-0.05908062377763199,0.7797987190209728,-0.053045261621064,-0.05678900212343173,0.9340763112154946,-766.7,0.1219758064516129
ENST00000442815.1,-0.04003684682860399,-0.04968479292549969,0.8058169204536608,-0.04404455508813051,-0.047455033773232104,0.9281324147529036,-1109.5,0.11405076868072936
ENST00000561622.1.1,-0.10968963340337838,-0.10381333341450916,1.0566044822528349,-0.09887814244418448,-0.09116920714097239,1.0845563490674213,-306.5,0.09829867674858223
ENST00000333145.9,-0.07440866015645561,-0.07796378972154691,0.9544002468608993,-0.059698651964419494,-0.0594479506908371,1.004217155859353,-753.4,0.10353753235547886
ENST00000557660.5,-0.0027380446065589227,-0.010981576486267373,0.24933074135420252,-0.03682875365512449,-0.03862150939934271,0.9535814168814248,-828.4,0.11106401017380246
ENST00000521133.1,-0.4448076123538954,-0.45166839546185017,0.9848101324403286,-0.3545046768152709,-0.343228521381416,1.0328532005104674,-112.9,0.12582781456953643
ENST00000577270.1,-0.02921349516990202,-0.03504701968728788,0.833551481140584,-0.03849048600206433,-0.03956495039763844,0.9728430243239168,-908.4,0.10909669211195928
ENST00000590932.5.1,-0.2831248300170349,-0.28612231934569854,0.9895237486697359,-0.26257837702622633,-0.253756241022682,1.0347661833576567,-162.9,0.09571428571428571
ENST00000417721.5,-0.11682776674389621,-0.15120845880560216,0.7726271907452827,-0.12306637637274812,-0.1365564152653141,0.9012127049003423,-342.5,0.13038416763678695
ENST00000440438.6,-0.8869364698827673,-0.8833448953510452,1.0040658802135205,-0.610441116546151,-0.59151586904669,1.0319944882120604,-73.0,0.10795454545454546
ENST00000555766.1,-0.08283525440086756,-0.08868281436481625,0.9340620840031817,-0.09499873276313917,-0.09411027121423415,1.009440643804782,-517.3,0.10747663551401869
ENST00000604956.1,-0.07506121700651373,-0.07612171412066081,0.9860684020795161,-0.1023075368680075,-0.09739130357335962,1.0504791815518184,-310.8,0.11846946284032377
ENST00000413238.1,-0.020573141604240834,-0.027406182454258073,0.7506752039828299,-0.01770353279639342,-0.01946599638082491,0.9094593695616006,-1819.3,0.11659192825112108
ENST00000443993.1,-0.04078735676330306,-0.04635969656501663,0.8798020648409831,-0.047564312809731994,-0.04774826714098353,0.9961474134609245,-898.0,0.12214052287581699
ENST00000562632.1,-0.10897636320596062,-0.10333050955024961,1.0546387865528277,-0.10675265557470379,-0.10118983450679479,1.0549741097514638,-315.0,0.09788359788359788
ENST00000430416.5,-0.20744559761973955,-0.2073334478915886,1.0005409147886721,-0.16011279740677323,-0.15343304081617212,1.0435353203916757,-237.1,0.12274774774774774
ENST00000421019.1,-0.3279261385316347,-0.346972983098878,0.9451056840301153,-0.25751715531326697,-0.25874107293144283,0.9952697204030682,-253.6,0.10948905109489052
ENST00000506485.1,-0.4124059297968814,-0.45945989564311057,0.8975885244992552,-0.27067998190271264,-0.2895925178873578,0.9346925945372611,-236.9,0.1261101243339254
ENST00000589355.1,-0.45748546899761483,-0.4673746211849681,0.9788410586730606,-0.34323371837352556,-0.3465960236749771,0.9902990655639934,-151.2,0.11468812877263582
ENST00000600155.1,-0.1302957079844822,-0.14063927789445546,0.9264531924165899,-0.11586650369123831,-0.11698276006265412,0.9904579412315287,-384.1,0.1120144534778681
ENST00000432988.1,-0.01140533788607317,-0.014831023086836384,0.7690189556913467,-0.02251188340736137,-0.02344831746593592,0.9600639124775184,-1842.9,0.10903225806451614
ENST00000434086.1,-0.3097787313381101,-0.31668652869180886,0.9781872712355845,-0.27473378549113586,-0.270912992017881,1.0141033969792141,-196.8,0.13405797101449277
ENST00000555379.1,-0.015724318747159183,-0.018007377211315873,0.8732153807095232,-0.021372710719983243,-0.021225242801091018,1.0069477612234732,-1457.3,0.10582595870206489
ENST00000513893.5,-0.49326064100884476,-0.5138212203081458,0.9599849549090819,-0.27226380168316944,-0.2778810654872779,0.9797853668285806,-154.1,0.11371841155234658
ENST00000561652.1,-0.01432844956720004,-0.015323749051001279,0.9350485654333915,-0.02385211221149003,-0.023086764285783233,1.0331509394834553,-1256.6,0.10719874804381847
ENST00000602192.1,-0.07761110856616028,-0.09270412973966945,0.8371914906499506,-0.08607481288210969,-0.08954228375657174,0.9612756037819109,-500.4,0.12114197530864197
ENST00000602458.1,-0.018831605777503715,-0.02178988503570176,0.8642361236256624,-0.03662473218781236,-0.03619252758550588,1.0119418186885507,-1002.8,0.10371517027863777
ENST00000508286.1,-0.5810156289804862,-0.5797140440041906,1.0022452189829754,-0.4528180444161857,-0.4386499407924926,1.0322993401027165,-122.2,0.11512415349887133
ENST00000588716.5,-0.38901318694990833,-0.38379924529822523,1.0135850753110045,-0.2685652558387572,-0.2584989330908934,1.0389414479491266,-155.7,0.11608623548922056
ENST00000586232.5,-0.3326463779459658,-0.33026198225839526,1.0072197098535702,-0.26515067668549464,-0.25370507128905845,1.045113821880981,-181.9,0.09672830725462304
ENST00000492922.1,-0.06459571612187545,-0.06383569382682847,1.0119059142226723,-0.06557676631033185,-0.06310717291424842,1.0391333232347324,-647.5,0.10494117647058823
ENST00000555968.1,-0.05227316019532251,-0.0590981958366121,0.884513637943218,-0.03518792549120759,-0.03709353173392792,0.9486269936120063,-1324.7,0.10826650215916102
ENST00000416999.1.1,-0.7428381786327555,-0.7456204926351243,0.9962684582440381,-0.47566846614711283,-0.467111063899238,1.018319844913202,-104.2,0.11658031088082901
ENST00000419237.1,-0.25467168639884946,-0.2716273835546924,0.9375773644985653,-0.2702323641798616,-0.26484197406786364,1.0203532318884494,-179.0,0.13263525305410123
ENST00000559861.1,-0.383141573644769,-0.3885219174825431,0.9861517623699675,-0.24408018070929402,-0.2402429008371681,1.0159725005765177,-154.4,0.10823909531502424
ENST00000580056.5,-0.4351755419942791,-0.45657857441278094,0.9531230030974868,-0.35836682849712936,-0.3674221253695079,0.9753545139306136,-204.3,0.12692307692307692
ENST00000579003.1,-0.05983211343566913,-0.07360592353000084,0.812870901773039,-0.08746194537580351,-0.09328990447763466,0.9375285124959224,-768.3,0.13608374384236452
ENST00000506897.1,-0.5429535050502722,-0.5482358119911263,0.990364899874619,-0.3805761084469466,-0.37045904261825163,1.0273095394222036,-108.2,0.11267605633802817
ENST00000502082.5,-0.11842316242582272,-0.12461431476315633,0.9503174868063866,-0.09782273117563658,-0.0962904361383098,1.0159132630277614,-391.8,0.12121212121212122
ENST00000530595.1,-0.01228590340705623,-0.021333057510082996,0.5759091682591367,-0.032701629155226696,-0.03437835899792597,0.9512271704766236,-933.8,0.11186805306561491
ENST00000426942.5,-1.152587734785739,-1.2103578140248406,0.9522702472197069,-0.7611425346797084,-0.7971064506445734,0.9548819157895622,-103.0,0.11567164179104478
ENST00000581398.1,-0.011805787730644059,-0.016860966260699696,0.7001845296471249,-0.015317734128971182,-0.016416262770529644,0.9330829034041455,-1778.58,0.11378517076623607
ENST00000596923.1,-0.350500983599256,-0.3522761027842527,0.9949610002751625,-0.2927826220718921,-0.28519123862778545,1.0266185717367513,-170.1,0.11022364217252396
ENST00000424730.5,-0.4925586517091424,-0.5100865332849179,0.9656374351565463,-0.44397063422876026,-0.44533156957144104,0.9969439953606019,-139.2,0.1325581395348837
ENST00000547799.5.1,-0.04212173465430614,-0.04754150651260506,0.8859991561928746,-0.034100367180434986,-0.035526606097128925,0.9598543437334083,-1338.7,0.11552456033959976
ENST00000592716.1,-0.4099474336755467,-0.4158522450951834,0.9858006984709553,-0.324203352640164,-0.3173190095660872,1.0216953377091735,-195.1,0.12390924956369982
ENST00000602192.1.1,-0.07761110856616028,-0.09270412973966945,0.8371914906499506,-0.08607481288210969,-0.08954228375657174,0.9612756037819109,-500.4,0.12114197530864197
ENST00000589360.1,-0.45410579858180233,-0.4985888748248388,0.9107820521292939,-0.35909219278925564,-0.3779422719713353,0.9501244486790054,-275.1,0.12588652482269502
ENST00000501194.2,-0.014680701233784453,-0.018057732760983592,0.8129869584460948,-0.02835267026348466,-0.0281698316205127,1.0064905834523634,-985.2,0.11232718894009217
ENST00000429599.6,-0.13183061990201517,-0.14068832444316803,0.9370402300531272,-0.12214479106005145,-0.12152458340795359,1.0051035571133442,-306.8,0.10632183908045977
ENST00000444301.5,-0.3219214475759388,-0.33241147329586057,0.9684426484564052,-0.24096578682478678,-0.24165908849636283,0.9971310755333479,-209.7,0.12330827067669173
ENST00000601445.5,-0.27315112150657006,-0.2733861901882209,0.9991401589030923,-0.26584383253759003,-0.2619521112554191,1.014856613537183,-183.7,0.11954765751211632
ENST00000585625.5.1,-0.1208259945135243,-0.1275498239752198,0.9472846825488227,-0.12675663079821592,-0.12823288343575978,0.9884877217294781,-272.0,0.11016949152542373
ENST00000424235.1,-0.22588169556781568,-0.2582874471213293,0.8745360956768017,-0.17639289813785666,-0.19037949637124363,0.9265330642218276,-332.1,0.12844036697247707
ENST00000564194.5,-0.05448426888435011,-0.05952196934233186,0.9153640157803221,-0.04996640721416482,-0.049704123912221884,1.0052768921630353,-613.7,0.1091304347826087
ENST00000437621.6,-0.015192923770631644,-0.021248348907369274,0.7150166743243985,-0.016408045071417066,-0.018161662769265702,0.9034439896760875,-2407.3,0.11456140350877193
ENST00000421599.5,-0.12120843380906615,-0.1494870146798405,0.8108291818433917,-0.15104702573757955,-0.15833268411215562,0.9539851268521714,-455.8,0.11291866028708133
ENST00000523825.1,-0.26233391602413153,-0.26062185651024294,1.0065691325233166,-0.20566845797707997,-0.19342051128385948,1.0633228948260078,-219.5,0.10406091370558376
ENST00000602172.1,-0.021943041351792092,-0.024802498747906656,0.8847109146067025,-0.06501631492339909,-0.06444929829665473,1.0087978712217227,-691.4,0.10975609756097561
ENST00000553584.5,-0.4027362986762994,-0.41096673223293606,0.9799729931619583,-0.3662446977608652,-0.36576519081312153,1.001310969331657,-189.8,0.10865191146881288
ENST00000575139.1,-0.38781810267739786,-0.4198204892819534,0.9237712607612569,-0.3010226982451415,-0.3103678778898899,0.9698899908447877,-188.6,0.1285444234404537
ENST00000508713.1,-0.03634879559090773,-0.03976286758245003,0.9141391906792669,-0.04092758459445418,-0.040566899187699845,1.0088911258680502,-829.7,0.103505291005291
ENST00000546682.5,-0.002576761636699969,-0.005102131108594345,0.5050363430213529,-0.009898536393844639,-0.01022160631099718,0.968393429826684,-2488.9,0.10926365795724466
ENST00000559298.5,-0.007803929794836729,-0.011837959118580923,0.6592293246382005,-0.014698393181376642,-0.01485195850459965,0.9896602644576842,-1616.32,0.10952712100139082
ENST00000602618.1.1,-0.559996879521185,-0.5764772981498751,0.9714118514613121,-0.49009251876467164,-0.48346677252760606,1.0137046568938453,-147.3,0.09829059829059829
ENST00000528549.1,-0.014638395064129481,-0.02221925175721966,0.6588158424089621,-0.024921462574975305,-0.027057845268013803,0.921043872049782,-1205.0,0.11246200607902736
ENST00000443799.5,-0.11578557350279522,-0.11294210743750169,1.0251763149263617,-0.14122559566550497,-0.13470279199196092,1.0484236709357393,-236.3,0.11830357142857142
ENST00000453876.1,-0.369400318435018,-0.38470830276904383,0.9602088537631177,-0.31383632428143104,-0.31543852711677844,0.9949207129199084,-203.5,0.10238907849829351
ENST00000434244.5,-0.027152412914937783,-0.036220030370606726,0.7496518538806225,-0.025532198558146514,-0.02807362128354094,0.9094729283505575,-952.2,0.1191827468785471
ENST00000570809.1,-0.07312485583428487,-0.07992542580299906,0.9149135597290866,-0.08325391957659914,-0.08235830797449778,1.010874575062648,-456.4,0.09578107183580388
ENST00000564629.1,-0.016810736702434673,-0.028977280148795487,0.5801350787966707,-0.025399655544146235,-0.02843951593945734,0.8931113876276084,-1287.7,0.12099173553719009
ENST00000515108.1.1,-0.04206296699031848,-0.05996720752962496,0.701432811750298,-0.04555089271196065,-0.05066950147797245,0.8989804790513478,-716.9,0.11926147704590818
ENST00000429932.1,-0.5851090019549784,-0.6046237862414602,0.9677240877210734,-0.39194739856201366,-0.3913471378223756,1.0015338319400473,-109.2,0.1187214611872146
ENST00000559298.5.1,-0.007803929794836729,-0.011837959118580923,0.6592293246382005,-0.014698393181376642,-0.01485195850459965,0.9896602644576842,-1616.32,0.10952712100139082
ENST00000588803.1,-0.43824598401497283,-0.44762684990088014,0.9790431117168584,-0.3231448329681228,-0.32169983178405237,1.0044917685410555,-127.2,0.1120162932790224
ENST00000601338.5,-0.4063421068651777,-0.43294903578345173,0.9385448939270025,-0.2999214661320599,-0.30628397968497384,0.979226750418164,-172.7,0.11827956989247312
ENST00000425476.5,-0.2929177509019094,-0.310364374869747,0.9437866411853502,-0.26067357058135565,-0.25892393736429803,1.0067573250849957,-195.0,0.13074204946996468
ENST00000411804.1,-0.25588816451427704,-0.2568455948171243,0.9962723506956427,-0.262194764920896,-0.25555194416409593,1.0259940137748846,-173.3,0.09490084985835694
ENST00000562691.2,-0.012040316830375219,-0.01424726514392048,0.8450967051394422,-0.021931884934212616,-0.02215785607624364,0.9898017596443685,-1581.4,0.10245070941588355
ENST00000425727.1,-0.29163281967923255,-0.3325526699929091,0.8769522725090462,-0.197057012458321,-0.2166348971961201,0.9096272807788894,-248.7,0.132013201320132
ENST00000398461.5.1,-0.034899289429171705,-0.04358179055141808,0.800776860877189,-0.03625175478660119,-0.03814065023430187,0.950475531064704,-1314.7,0.11648797450014489
ENST00000419680.6,-0.25324890299576286,-0.28177017800807674,0.8987782340418711,-0.2357797879448491,-0.2437227371385328,0.9674098966434597,-215.7,0.1172106824925816
ENST00000568229.5,-0.19021375302932783,-0.21625377446610425,0.8795858176299348,-0.2204018599423623,-0.22695303788245996,0.971134213486534,-296.1,0.12696335078534032
ENST00000548760.2,-0.02726811623112572,-0.035826800175563986,0.761109451514015,-0.03164085430741892,-0.03396359665978502,0.9316108250950829,-1067.78,0.10816448152562574
ENST00000513406.1,-0.27567714696139434,-0.28599259300379304,0.9639310727104674,-0.24209641332061416,-0.23999409464982782,1.008759876670523,-226.4,0.12359550561797752
ENST00000512213.5,-0.14519003044741116,-0.14702785282334746,0.9875001753705509,-0.18798459792991626,-0.18480752364247188,1.0171912605332603,-191.3,0.1264705882352941
ENST00000414722.5,-0.34930031522783056,-0.3787433789816465,0.9222611789729986,-0.25081684449003616,-0.26074720263487444,0.9619157634502266,-243.4,0.11209439528023599
ENST00000602478.1,-0.22093770483817352,-0.24653794887337913,0.8961610407152621,-0.1840512306176597,-0.190615728968791,0.9655616124301785,-208.9,0.11312217194570136
ENST00000533684.1,-0.14162521616704976,-0.1405142854660477,1.0079061762106067,-0.1364305563610886,-0.13016345449683314,1.048147937441288,-302.8,0.12155745489078823
ENST00000548801.1,-0.032313515112336995,-0.04296090908178838,0.7521608784120227,-0.043066831795264875,-0.045663972491118324,0.9431249504988075,-978.5,0.10688474705211107
ENST00000586006.5,-0.17434124244556695,-0.17046494242222057,1.0227395731243394,-0.18881019662196544,-0.18202727276601216,1.0372632284870433,-208.4,0.10822998872604284
ENST00000440698.1,-0.021343755753253292,-0.025927985985742374,0.8231937399607544,-0.0288642048172184,-0.029720095509055588,0.9712016170480879,-985.6,0.10385982732351448
ENST00000600726.5,-0.32283529251270393,-0.3662069321746852,0.8815652139504218,-0.28568796062146096,-0.2973220422896081,0.9608704367205478,-231.1,0.12903225806451613
ENST00000592716.1.1,-0.4099474336755467,-0.4158522450951834,0.9858006984709553,-0.324203352640164,-0.3173190095660872,1.0216953377091735,-195.1,0.12390924956369982
ENST00000529908.1,-0.2694328709896995,-0.28869304797265377,0.9332849297265423,-0.2971732070820102,-0.29635129142330224,1.00277345057199,-183.1,0.12435233160621761
ENST00000594472.1,-0.11612390099822947,-0.11073979798441408,1.0486194043317034,-0.13484347842466002,-0.12683359601680821,1.063152687138117,-296.5,0.10420168067226891
ENST00000450784.5,-0.39196524123416926,-0.39715369539923356,0.9869359035930695,-0.2836137773043554,-0.2789855527092181,1.0165894776636022,-158.1,0.1033210332103321
ENST00000562570.1,-0.050946786939289654,-0.0623208182694084,0.8174922658917984,-0.0463394561713403,-0.05018776375795377,0.9233217960223702,-1540.9,0.12356411052468178
ENST00000512005.1,-0.5219131509624582,-0.5272268497569088,0.9899214184617102,-0.3839555762790511,-0.3794537090372508,1.0118640749440095,-135.4,0.1278825995807128
ENST00000554532.2,-0.10962715312319382,-0.11732557827925474,0.9343840851332744,-0.09281707423156228,-0.09145281172505856,1.014917666070292,-472.9,0.11786237188872621
ENST00000413768.5.1,-0.05148478660034504,-0.05414986577581477,0.9507832727323204,-0.0662527342959238,-0.06475468660268041,1.023134197257954,-630.2,0.1099476439790576
ENST00000449175.1,-0.009120538654673719,-0.013694550068034649,0.665997685894228,-0.013182723650979581,-0.014627852775068156,0.9012070229096327,-2379.7,0.11398963730569948
ENST00000451424.1,-0.01414207343214554,-0.018940444966334048,0.746660041898834,-0.023310364036019597,-0.024779325556568765,0.9407182605839827,-1725.0,0.11503827104907699
ENST00000484550.1,-0.003931817211005605,-0.009510996285135534,0.4133969873535258,-0.00782708400969021,-0.009808054215177877,0.7980261770553702,-1819.4,0.12003195526263231
ENST00000450713.1.1,-0.23320305642015038,-0.23062582937203358,1.0111749280431177,-0.23386710072590175,-0.22728844063641568,1.0289441032331674,-151.8,0.11920529801324503
ENST00000423031.1,-0.4245775686762608,-0.4118225320681422,1.0309721678997597,-0.3232313666247454,-0.30876099157077336,1.0468659430725242,-118.8,0.13673469387755102
ENST00000415513.1,-0.3627913210593417,-0.39187733784238377,0.9257777524385942,-0.28127631970200545,-0.2832899826637763,0.9928918666913797,-204.4,0.10087719298245613
ENST00000437456.5,-0.3138981636391967,-0.3317458504638255,0.9462007232353462,-0.26938479584200636,-0.27748273818228264,0.9708164104429566,-169.0,0.12027491408934708
ENST00000512213.5.1,-0.14519003044741116,-0.14702785282334746,0.9875001753705509,-0.18798459792991626,-0.18480752364247188,1.0171912605332603,-191.3,0.1264705882352941
ENST00000444381.1,-0.10006821391626776,-0.10812482496477001,0.9254878696809238,-0.10642992958978462,-0.10741585119585274,0.990821451442297,-392.7,0.1042296072507553
ENST00000431616.5,-0.36116571844506107,-0.3676318455966339,0.9824114063321177,-0.2560942194400462,-0.2529650400252495,1.012370007391078,-165.6,0.11428571428571428
ENST00000519043.5,-0.11225416637271617,-0.11028186809680189,1.0178841572957673,-0.1039034427807238,-0.09929419678624864,1.0464200944633,-283.7,0.11490125673249552
ENST00000602520.5,-0.6639445868671172,-0.6719846180791166,0.9880353939722877,-0.5928190856693497,-0.5968287902690352,0.99328165017328,-86.7,0.10429447852760736
ENST00000429962.1,-0.05608561963237532,-0.08451291828713928,0.6636336878324332,-0.06833840354529677,-0.07657972146646981,0.8923825033134721,-523.4,0.12916006339144215
ENST00000428777.1,-0.23631332508202155,-0.23742537762617885,0.9953162018513951,-0.2271746413198829,-0.22151460923504243,1.0255515069836085,-188.6,0.12844036697247707
ENST00000546682.5.1,-0.002576761636699969,-0.005102131108594345,0.5050363430213529,-0.009898536393844639,-0.01022160631099718,0.968393429826684,-2488.9,0.10926365795724466
ENST00000509939.1.1,-0.3539931795016898,-0.35127881906876995,1.0077270825497409,-0.2580017309676838,-0.25298984399461005,1.0198106251774302,-182.9,0.09615384615384616
ENST00000504206.6,-0.019836028405303022,-0.022060561587942572,0.899162440911958,-0.025080437201642214,-0.024980627974277494,1.0039954651047,-1344.0,0.11146209386281589
