,Seqname,TraEA: Entropy density A on transcript,TraEC: Entropy density C on transcript,TraED: Entropy density D on transcript,TraEE: Entropy density E on transcript,TraEF: Entropy density F on transcript,TraEG: Entropy density G on transcript,TraEH: Entropy density H on transcript,TraEI: Entropy density I on transcript,TraEK: Entropy density K on transcript,TraEL: Entropy density L on transcript,TraEM: Entropy density M on transcript,TraEN: Entropy density N on transcript,TraEP: Entropy density P on transcript,TraEQ: Entropy density Q on transcript,TraER: Entropy density R on transcript,TraES: Entropy density S on transcript,TraET: Entropy density T on transcript,TraEV: Entropy density V on transcript,TraEW: Entropy density W on transcript,TraEY: Entropy density Y on transcript
0,ENST00000329743.3,0.096688,0.036067,0.044268,0.044268,0.026738,0.089019,0.026738,0.044268,0.058322,0.100157,0.015671,0.036067,0.080238,0.026738,0.080238,0.064458,0.044268,0.070119,0.0,0.015671
1,ENST00000332881.3,0.042398,0.035047,0.028934,0.047433,0.056528,0.049033,0.038823,0.061993,0.075083,0.091881,0.019668,0.067055,0.053626,0.044117,0.057935,0.079254,0.059314,0.040634,0.024491,0.026755
2,ENST00000333139.3,0.058587,0.056831,0.036375,0.037553,0.035175,0.052243,0.035175,0.045281,0.051289,0.09877,0.011707,0.039851,0.090461,0.043159,0.055937,0.089928,0.061142,0.051289,0.033953,0.015296
3,ENST00000354376.3,0.080966,0.06113,0.026145,0.042284,0.032373,0.087168,0.04125,0.027442,0.029956,0.08037,0.014507,0.019183,0.085537,0.045296,0.089275,0.082719,0.050052,0.060335,0.031176,0.012834
4,ENST00000360656.2,0.057629,0.033353,0.038038,0.046538,0.080686,0.08307,0.028303,0.033353,0.050431,0.067216,0.0,0.028303,0.075626,0.038038,0.08757,0.064164,0.067216,0.054121,0.038038,0.028303
5,ENST00000364140.1,0.074505,0.035941,0.044044,0.026693,0.026693,0.069402,0.044044,0.044044,0.057868,0.079233,0.015682,0.035941,0.057868,0.044044,0.079233,0.083624,0.063877,0.063877,0.026693,0.026693
6,ENST00000366188.2,0.05379,0.029687,0.04852,0.042812,0.042812,0.067535,0.05379,0.042812,0.029687,0.075332,0.029687,0.042812,0.078894,0.05379,0.071552,0.078894,0.042812,0.036579,0.029687,0.04852
7,ENST00000366424.2,0.064569,0.042194,0.04814,0.052288,0.037369,0.078702,0.058699,0.042194,0.04955,0.08791,0.017947,0.020216,0.062281,0.04814,0.065685,0.074001,0.059914,0.04814,0.026497,0.015565
8,ENST00000367276.8,0.101851,0.044746,0.051338,0.037473,0.037473,0.05442,0.01451,0.048118,0.051338,0.083587,0.01451,0.024811,0.092669,0.033524,0.075191,0.057376,0.057376,0.044746,0.037473,0.037473
9,ENST00000367563.7,0.043176,0.039762,0.028303,0.049529,0.043176,0.078646,0.039762,0.060707,0.070299,0.074613,0.032357,0.049529,0.060707,0.043176,0.068029,0.070299,0.052498,0.043176,0.028303,0.023953
10,gi|1000814511|ref|NM_001320453.1|,0.05654,0.013457,0.045037,0.053833,0.05102,0.07304,0.045037,0.045037,0.070911,0.097019,0.023081,0.034977,0.064093,0.053833,0.048091,0.089552,0.059148,0.045037,0.031259,0.0
11,gi|1001184398|ref|NM_001320455.1|,0.084458,0.024403,0.040568,0.056547,0.036885,0.082535,0.044064,0.040568,0.040568,0.076384,0.00816,0.028846,0.078501,0.044064,0.074196,0.094822,0.047395,0.040568,0.036885,0.019584
12,gi|1002623418|ref|NM_001320679.1|,0.072406,0.045239,0.02798,0.046672,0.058391,0.066831,0.033397,0.051467,0.057789,0.089248,0.01988,0.039972,0.064681,0.039972,0.057789,0.071427,0.049453,0.045959,0.023058,0.038388
13,gi|1006456381|ref|NM_001321205.1|,0.069135,0.042273,0.042273,0.040613,0.05429,0.068014,0.033527,0.040613,0.042273,0.086505,0.025555,0.031628,0.066875,0.047026,0.064536,0.086505,0.055657,0.052897,0.033527,0.016278
14,gi|1007378466|ref|NM_001321202.1|,0.076012,0.041229,0.041229,0.046451,0.061479,0.069142,0.037512,0.033574,0.043014,0.085074,0.027169,0.031511,0.048108,0.065419,0.070339,0.085074,0.037512,0.048108,0.024874,0.027169
15,gi|1010221562|ref|NM_001321553.1|,0.051844,0.029233,0.034412,0.034412,0.059151,0.047882,0.023573,0.074594,0.059151,0.089193,0.017263,0.047882,0.043681,0.051844,0.059151,0.087004,0.051844,0.055593,0.034412,0.047882
16,gi|1010223708|ref|NM_001321552.1|,0.07035,0.018721,0.010823,0.042257,0.042257,0.076644,0.031593,0.063404,0.073573,0.085049,0.010823,0.037137,0.063404,0.042257,0.079575,0.073573,0.047023,0.042257,0.042257,0.047023
17,gi|1012282594|ref|NM_001321706.1|,0.054648,0.046044,0.036273,0.054648,0.036273,0.100408,0.030815,0.0,0.081469,0.081469,0.024848,0.036273,0.094018,0.036273,0.078629,0.075662,0.036273,0.054648,0.041327,0.0
18,gi|1013071015|ref|NM_001025591.3|,0.047113,0.049225,0.03795,0.038763,0.03795,0.066334,0.047113,0.047113,0.046395,0.079496,0.029209,0.03014,0.080369,0.055833,0.066873,0.085743,0.048528,0.050597,0.03196,0.023297
19,gi|1013071031|ref|NM_001321918.1|,0.042094,0.046169,0.033121,0.033121,0.069453,0.050016,0.028116,0.073102,0.05934,0.089994,0.031497,0.044837,0.048757,0.039236,0.060422,0.072209,0.033121,0.066576,0.026352,0.052467
